"Game Name","Game Genre","Thread Title","Title Language","Translated Title","OP","Reply Count","Body Text","Language","Translated Text","URL","Date/Time Posted (PST)","Date/Time Collected (GMT)","Class"
"Hello Neighbor","Horror","PINNED:Game won't start","en","-","k1mon","0","[b]For players with 10th Gen Intel CPUs or newer (11, 12, 13, etc.):[\/b]
[olist]
    [*]Open the System menu in Settings with ‚äû Win+Pause
    [*]Select Advanced system settings
    [*]In the new System properties window, select the Advanced tab and click the Environment Variables button
    [*]In the System variables section, click the New button and enter these values:
Variable name: OPENSSL_ia32cap
Variable value: :~0x20000000
    [*]Reboot or sign out\/sign in.
[\/olist]

[b]For all other CPUs or if the above didn't work:[\/b]

Please try disconnecting your internet or blocking the game's internet access through your firewall, and the game should launch normally.

To do the second:
[olist]
    [*]Select the Start menu, type Allow an app through Windows Firewall, and from the list of results, scroll down to Hello Neighbor
    [*]Select Change settings. You might be asked for an administrator password or to confirm your choice
    [*]To remove an app, clear the check box next to the app, and then select OK
    [*]Start the game and press Cancel when prompted by Windows to add it to the Firewall exceptions
[\/olist]

This should also work with and without mods, so if you are playing with mods, please make sure the ones you want to use are subscribed to\/downloaded before you can disconnect your internet connection.

[b]If nothing of the above resolves the crash on launch for you[\/b], please refer to the rest of our [url=https:\/\/tinybuildgames.zendesk.com\/hc\/en-us\/categories\/5763416387988-Troubleshooting] Troubleshooting articles [\/url], or contact our [url=https:\/\/tinybuildgames.zendesk.com\/hc\/en-us\/requests\/new] Player Support [\/url].","en","-","https://steamcommunity.com/app/521890/discussions/1/3318611373470607839/","30/08/22 04:24","18/01/2024 04:33:13","Bug Report"
"Hello Neighbor","Horror","PINNED:Troubleshooting & Sharing Corrupted Save Files","en","-","Cutecutecute","10","Hi there!\n\nA troubleshooting guide for common issues is here: https:\/\/tinybuildgames.zendesk.com\/hc\/en-us\n\nIf this doesn't help, please post a thread on the forum. We're reading all of them.\n\nIf you had a save file corruption issue, please send your save file via Submit a request form in our Help Center.\n\nThe save file is located at ..\\users\\username\\AppData\\Local\\HelloNeighbor\\SaveGames","en","-","https://steamcommunity.com/app/521890/discussions/1/3318610798937638616/","13/01/21 05:37","18/01/2024 04:33:14","Bug Report"
"Hello Neighbor","Horror","–ù–µ –∑–∞–ø—É—Å–∫–∞–µ—Ç—Å—è –∏–≥—Ä–∞","ru","The game doesn't start.","Nikolaich","24","–°–µ–≥–æ–¥–Ω—è –∫—É–ø–∏–ª –∏–≥—Ä—É, —É—Å—Ç–∞–Ω–æ–≤–∏–ª, –Ω–∞–∂–∏–º–∞—é –∏–≥—Ä–∞—Ç—å –¥–∞–ª—å—à–µ –ø–æ—è–≤–ª—è–µ—Ç—Å—è –∑–∞—Å—Ç–∞–≤–∫–∞ —Å —á–∞—Å–∞–º–∏ –Ω–∞ 3-5 —Å–µ–∫—É–Ω–¥ –∏ –∏–≥—Ä–∞ –≤—ã–ª–µ—Ç–∞–µ—Ç. –ß—Ç–æ –¥–µ–ª–∞—Ç—å –∏ –∫–∞–∫ –ø–æ–∏–≥—Ä–∞—Ç—å?","ru","I bought the game today, I set it up, I press the game further, there's an opening with hours for three to five seconds, and the game flies out. What do you do and how do you play?","https://steamcommunity.com/app/521890/discussions/1/3945776779137512246/","04/11/23 03:31","18/01/2024 04:33:19","Bug Report"
"Hello Neighbor","Horror","Hello Neighbor Glitch with Alpha 4, Beta 1/2/3 and the Full Game","en","-","Razblox","1","The game crashes with my internet on and my laptop is an Acer Nitro 5. The game just crashes whenever I launch it with internet on so I can‚Äôt play mods and with internet off it is fine","en","-","https://steamcommunity.com/app/521890/discussions/1/4032475099153177500/","20/12/23 12:32","18/01/2024 04:33:20","Bug Report"
"Hello Neighbor","Horror","–ù–µ –∑–∞–ø—É—Å–∫–∞–µ—Ç—Å—è –∏–≥—Ä–∞","ru","The game doesn't start.","Nikolaich","2","–°–µ–≥–æ–¥–Ω—è –∫—É–ø–∏–ª –∏–≥—Ä—É, —É—Å—Ç–∞–Ω–æ–≤–∏–ª, –Ω–∞–∂–∏–º–∞—é –∏–≥—Ä–∞—Ç—å –¥–∞–ª—å—à–µ –ø–æ—è–≤–ª—è–µ—Ç—Å—è –∑–∞—Å—Ç–∞–≤–∫–∞ —Å —á–∞—Å–∞–º–∏ –Ω–∞ 3-5 —Å–µ–∫—É–Ω–¥ –∏ –∏–≥—Ä–∞ –≤—ã–ª–µ—Ç–∞–µ—Ç. –ß—Ç–æ –¥–µ–ª–∞—Ç—å –∏ –∫–∞–∫ –ø–æ–∏–≥—Ä–∞—Ç—å?","ru","I bought the game today, I set it up, I press the game further, there's an opening with hours for three to five seconds, and the game flies out. What do you do and how do you play?","https://steamcommunity.com/app/521890/discussions/1/3945776362355449042/","04/11/23 03:32","18/01/2024 04:33:25","Bug Report"
"Hello Neighbor","Horror","Game crashes when i open the game pls help","en","-","Oprion","5","LowLevelFatalError [File:Unknown] [Line: 251]\nResult failed\nat\nc:\\work\\.git\\UE4_20\\Engine\\Source\\Runtime\\Windows\\D3D11RHI\\Privat\ne\\D3D11Viewport.cpp:304\nwith error E_FAIL\n\nim opening game and i saw this all times,I verified file integrity ,i deleted game 3 times, but still doesn't work, what am i suppose to do ?","en","-","https://steamcommunity.com/app/521890/discussions/1/3830916907604491475/","20/04/23 05:01","18/01/2024 04:33:26","Bug Report"
"Hello Neighbor","Horror","Audio","it","Audio","moony","0","I've had this bug just now where I paused the game, I've heard how neighbor was walking on the grass. Unpaused it, and sound still was there even tho he wasn't walking on the grass. And it never stopped. I decided to relaunch the game, and sound continued even in main menu, and stopped in 5 sec after I closed the game","en","-","https://steamcommunity.com/app/521890/discussions/1/4039229582009739165/","11/12/23 13:00","18/01/2024 04:33:27","Bug Report"
"Hello Neighbor","Horror","–ú–æ–¥–∏—Ñ–∏–∫–∞—Ü–∏–∏ –≤ Hello Neighbor","ru","Hello Neighbor Modifications","w0nderful","0","–í—Å–µ –º–æ–¥–∏—Ñ–∏–∫–∞—Ü–∏–∏, –∫–æ—Ç–æ—Ä—ã–µ —è —É—Å—Ç–∞–Ω–∞–≤–ª–∏–≤–∞–ª —É–¥–∞–ª–∏–ª–∏—Å—å –ø–æ—Å–ª–µ –ø–µ—Ä–µ—É—Å—Ç–∞–Ω–æ–≤–∫–∏ —Å–∞–º–æ–≥–æ —Å–æ—Å–µ–¥–∞, —á—Ç–æ –¥–µ–ª–∞—Ç—å","ru","All the modifications that I installed were deleted after the reset of the neighbor's own, what to do.","https://steamcommunity.com/app/521890/discussions/1/5971271978944050219/","19/11/23 06:06","18/01/2024 04:33:31","Bug Report"
"Hello Neighbor","Horror","Game crashes on startup","en","-","King of Silly","13","Just bought (less than 30 min ago), crashes when showing the Clock icon, i have accepted the permissions needed","en","-","https://steamcommunity.com/app/521890/discussions/1/3807282258515271134/","26/07/23 01:01","18/01/2024 04:33:31","Bug Report"
"Hello Neighbor","Horror","–ü—Ä–æ–±–ª–µ–º–∞ —Å –∏–≥—Ä–æ–π hello neighbor","ru","Hello neighbor problem.","_kaplya_","2","–ü—Ä–∏ –∑–∞–ø—É—Å–∫–µ –∏–≥—Ä–∞ —Ñ—Ä–∏–∑–∏—Ç –∞ –Ω–∞ —ç–∫—Ä–∞–Ω–µ —Å –Ω–∞–¥–ø–∏—Å—å—é tinybuild –∏–≥—Ä–∞ –∑–∞–≤–∏—Å–∞–µ—Ç –∏ –¥–∞–ª—å—à–µ –Ω–µ —Ä–∞–±–æ—Ç–∞–µ—Ç, –ø—Ä–∏ —ç—Ç–æ–º –º—É–∑—ã–∫–∞ –∏–¥—ë—Ç –∏ –µ—Å—Ç—å –∑–≤—É–∫ —á–∞—Å–æ–≤. –í –¥–∏—Å–ø–µ—á–µ—Ä–µ –∑–∞–¥–∞—á –Ω–∞–ø–∏—Å–∞–Ω–Ω–æ —á—Ç–æ –∏–≥—Ä–∞ –Ω–µ –æ—Ç–≤–µ—á–∞–µ—Ç. –°—Ç–∞–ª–∫–Ω—É–ª—Å—è —Å –ø—Ä–æ–±–ª–µ–º–æ–π –ø–æ—Å–ª–µ –ø–µ—Ä—É—Å—Ç–∞–Ω–æ–≤–∫–∏ –∏–≥—Ä—ã –ø–µ—Ä–µ—É—Å—Ç–∞–Ω–æ–≤–∏–ª –µ—â–µ —Ä–∞–∑ –Ω–µ –ø–æ–ª—É—á–∏–ª–æ—Å—å —Ä–µ—à–∏—Ç—å –ø—Ä–æ—à—É –ø–æ–º–æ—á—å.","ru","When the game is launched, the game is frisite, and on a screen that says ""tinybild"" the game hangs and doesn't work anymore, and the music goes on and eats the sound of the clock. In the task manager, the game is written that the game is not responding. It came up with a problem after the game was reset.","https://steamcommunity.com/app/521890/discussions/1/3874840863853225049/","20/09/23 06:09","18/01/2024 04:33:39","Bug Report"
"Hello Neighbor","Horror","When I play the game the tab for it is small but then I try to fullscreen it but then when I do it makes everything in the game blurry and some more weird problems","en","-","spencerkes2011","1","Can anyone tell me why the game is doing this?w","en","-","https://steamcommunity.com/app/521890/discussions/1/3880470997347664952/","29/09/23 10:48","18/01/2024 04:33:39","Bug Report"
"Hello Neighbor","Horror","A√áILMIYOR","tl","A YugoslaviaILMIOR","BneLevo","5","oyunu a√ßƒ±yorum saat √ßƒ±kƒ±yor sonra oyundan atƒ±yor nasƒ±l √ß√∂zebilirim","tr","I open the game, the clock comes out, then he throws it out of the game, how do I figure it out?","https://steamcommunity.com/app/521890/discussions/1/3824172831334090141/","13/03/22 06:21","18/01/2024 04:33:44","Bug Report"
"Hello Neighbor","Horror","Hello Neighbor inicia el juego pero no me dejar dar ""Enter"" para iniciar el menu","es","Hello Neighbor starts the game but don't let me give ""Enter"" to start the menu","Paulodybala21","1","Hola buenas, compre Hello Neighbor 1, el juego inicia, pero solo llega hasta donde me pide presionar enter y presion√≥ enter pero no deja avanzar","es","Hello good, buy Hello Neighbor 1, the game starts, but it only gets to where it asks me to press enter and press enter but does not let go","https://steamcommunity.com/app/521890/discussions/1/6266252158289388849/","19/09/23 13:04","18/01/2024 04:33:48","Bug Report"
"Hello Neighbor","Horror","the game doesn't open","en","-","Vini","1","the game doesn't open","en","-","https://steamcommunity.com/app/521890/discussions/1/6266252158287826676/","14/09/23 10:05","18/01/2024 04:33:48","Bug Report"
"Hello Neighbor","Horror","–ò–≥—Ä–∞ –Ω–µ —Å—Ä–∞–∑—É-–∂–µ –≤—ã–ª–µ—Ç–∞–µ—Ç —á—Ç–æ –¥–µ–ª–∞—Ç—å?","ru","The game doesn't fly right away. What do you do?","—É–≥–∞ –±—É–≥–∞","1","–ø—Ä–æ—Ö–æ–¥–∏—Ç —á–µ—Ä–Ω—ã–π —Ñ–æ–Ω —Å —á–∞—Å–∞–º–∏ –∏ –≤—Å–µ, –∏–≥—Ä–∞ –≤—ã–ª–µ—Ç–∞–µ—Ç","ru","There's a black background with a watch, and that's it, the game's out.","https://steamcommunity.com/app/521890/discussions/1/6266252158287826331/","14/09/23 22:38","18/01/2024 04:33:52","Bug Report"
"Hello Neighbor","Horror","Cannot Play Game Because Network.","en","-","TheBiongBhon688","1","I read the devs message but its probably because i have a LAPTOP, A ACER LAPTOP.","en","-","https://steamcommunity.com/app/521890/discussions/1/6266252158287824552/","16/09/23 14:58","18/01/2024 04:33:53","Bug Report"
"Hello Neighbor","Horror","–ü–æ–º–æ–≥–∏—Ç–µ —Å —Ä–µ—à–µ–Ω–∏–µ –ø—Ä–æ–±–ª–µ–º—ã!!!","ru","Help with the problem!!!!","MAO","2","–ø—Ä–∏ –∑–∞–ø—É—Å–∫–µ –∏–≥—Ä—ã –∏–≥—Ä–∞ –∑–∞–≥—Ä—É–∂–∞–µ—Ç—Å—è –∞ –ø–æ—Ç–æ–º —Å–∞–º–∞–∂–µ –∑–∞–∫—Ä—ã–≤–∞–µ—Ç—Å—è –±–µ–∑ –æ—à–∏–±–∫–∏","ru","When the game starts, the game is loaded and then the self-image closes without error.","https://steamcommunity.com/app/521890/discussions/1/6266252158287822838/","17/09/23 10:23","18/01/2024 04:33:57","Bug Report"
"Hello Neighbor","Horror","–ò–≥—Ä–∞ —Å—Ä–∞–∑—É-–∂–µ –≤—ã–ª–µ—Ç–∞–µ—Ç —á—Ç–æ –¥–µ–ª–∞—Ç—å?","ru","What's the game gonna do?","—É–≥–∞ –±—É–≥–∞","4","–ø—Ä–æ—Ö–æ–¥–∏—Ç —á–µ—Ä–Ω—ã–π —Ñ–æ–Ω —Å —á–∞—Å–∞–º–∏ –∏ –≤—Å–µ, –∏–≥—Ä–∞ –≤—ã–ª–µ—Ç–∞–µ—Ç","ru","There's a black background with a watch, and that's it, the game's out.","https://steamcommunity.com/app/521890/discussions/1/6266252158287823617/","14/09/23 22:39","18/01/2024 04:34:01","Bug Report"
"Hello Neighbor","Horror","The Neighbor flies","en","-","Diavol X","0","I was playing I wanted to burgle the neighbor's house in act 1 but the neighbor took (I didn't know he could do that) the TV so I heard strange sounds and I started seeing the Neighbor flying holding the TV the problem was that the last time that I made him fly away because he kicked an armchair while he was on it and started flying so far that he fell off the map and the game crashed. so he was now under the map and was slowly going down until the game crashed but luckily he had grabbed me first and brought me to the neighbor's nightmare so the game had automatically saved and when it crashed I was back at the same point I entered the house I took the bucket and before he went to where the TV is I took it away from him","en","-","https://steamcommunity.com/app/521890/discussions/1/6266251726415120397/","17/09/23 05:51","18/01/2024 04:34:02","Bug Report"
"Hello Neighbor","Horror","Mods dont appear ingame","en","-","Maximos Ve","0","I install mods but they do not appear ingame. I checked the mods folder and the mods are installed, but does not appear ingame","en","-","https://steamcommunity.com/app/521890/discussions/1/6266251726412088614/","16/09/23 09:58","18/01/2024 04:34:03","Bug Report"
"Hello Neighbor","Horror","How do I fix this","en","-","GooberGaming","2","I wanted to play hello neighbor but for some reason when I started it all of the screen things like the menu is a bit small but the games main screen is not small so how do I fix this","en","-","https://steamcommunity.com/app/521890/discussions/1/6266252158287827291/","11/09/23 07:42","18/01/2024 04:34:03","Bug Report"
"Hello Neighbor","Horror","crash","en","-","MYSTIC","1","des que je lance mon jeu il se ferme","fr","as soon as I throw my game it closes","https://steamcommunity.com/app/521890/discussions/1/3824172831338036859/","25/08/23 09:47","18/01/2024 04:34:07","Bug Report"
"Hello Neighbor","Horror","Game won't start","nl","Game won't start","cat_man3000","6","–ø–æ—á–µ–º—É —É –º–µ–Ω—è –∑–∞–∫—Ä—ã–≤–∞–µ—Ç—Å—è –∏–≥—Ä–∞ –ø–æ—Å–ª–µ –Ω–µ—Å–∫–æ–ª–∫–∏—Ö —Å–µ–∫—É–Ω–¥ –æ—Ç–∫—Ä–∏—Ç–∏—è?
 
Why do it close the game after a few seconds of opening?","ru","Why do I have to close the game after seconds of recrimination?","https://steamcommunity.com/app/521890/discussions/1/3824172831334096108/","11/08/23 04:04","18/01/2024 04:34:10","Bug Report"
"Hello Neighbor","Horror","Got so many Crashes at Act 3","en","-","L00n4tic","1","‚ô•‚ô•‚ô•‚ô•‚ô•‚ô•‚ô•‚ô• i got so many crashes in act 3 , anyone else and try to fix it?","en","-","https://steamcommunity.com/app/521890/discussions/1/3824172831334087349/","22/08/23 10:22","18/01/2024 04:34:11","Bug Report"
"Hello Neighbor","Horror","cant play","en","-","ernestoper34","5","when i click the play it dosnt let me play it just kicks me out","en","-","https://steamcommunity.com/app/521890/discussions/1/3807282258515274752/","30/07/23 19:53","18/01/2024 04:34:12","Bug Report"
"Hello Neighbor","Horror","Inputs not working on title screen","en","-","NormireX","0","Game gets to title screen but none of the keyboard keys do anything nor does any buttons on a controller.","en","-","https://steamcommunity.com/app/521890/discussions/1/3807282428860076815/","05/08/23 12:54","18/01/2024 04:34:13","Bug Report"
"Hello Neighbor","Horror","HELP ME MY GAME IS HAVING A PROBLEM","en","-","Burger Cat.","4","WHEN I START IT SAYS \""failed to load plugin\"" Then it shows 3 mods Second problem After I Start It Freezes At TinyBuild I NEED HELP","en","-","https://steamcommunity.com/app/521890/discussions/1/5782106519346462670/","16/06/23 14:50","18/01/2024 04:34:13","Bug Report"
"Hello Neighbor","Horror","i can't play","en","-","radicalrippley","6","when i start the game it says \""files corrupted, please verify installations\"" then i get a black screen. if anyone knows how to fix that please tell me !!!","en","-","https://steamcommunity.com/app/521890/discussions/1/3811780955331404996/","25/05/23 11:33","18/01/2024 04:34:14","Bug Report"
"Hello Neighbor","Horror","Crashes","en","-","gdyeetus","3","Once The Main Menu Loads, The Game Crashes.\nHow Do I Fix It?","en","-","https://steamcommunity.com/app/521890/discussions/1/3811780955331408994/","02/05/21 12:26","18/01/2024 04:34:15","Bug Report"
"Hello Neighbor","Horror","All the Keys don't open thd doors","en","-","mario.primo","0","with any key I try to open the respective doors they do not work","en","-","https://steamcommunity.com/app/521890/discussions/1/3834298505958547542/","02/06/23 09:52","18/01/2024 04:34:15","Bug Report"
"Hello Neighbor","Horror","help me pls","nl","help me pls","ùï∞ùñíùñéùñó","4","I was able to open this game on my old computer, but I switched to a new and better computer, but it doesn't open anymore, when I try to open the game, it closes on the loading screen, please help","en","-","https://steamcommunity.com/app/521890/discussions/1/3829793451745894786/","19/05/23 11:11","18/01/2024 04:34:16","Bug Report"
"Hello Neighbor","Horror","Help! When I try to run Hello Neighbor, It opens the tab then stops running!","en","-","Lil Sebs","4","try to run but closes the tab","en","-","https://steamcommunity.com/app/521890/discussions/1/3827541017493401031/","07/05/23 17:29","18/01/2024 04:34:16","Bug Report"
"Hello Neighbor","Horror","Crash","en","-","astronomo  Ô∏ª   ‰∏Ä","1","When I open the game, it stays in the screen of the clock loading (the first loading screen) and then it crashes. Someone knows what could it be?","en","-","https://steamcommunity.com/app/521890/discussions/1/3827540383542423966/","06/05/23 09:25","18/01/2024 04:34:17","Bug Report"
"Hello Neighbor","Horror","HELP HELP HELP!","vi","HEARN HEAD!","QutisBrutus","10","HELP, I PLAYED HELLO NEIGHBOR ON ANOTHER MONITOR AND NOW THE RESOLUTION IS STUCK ON 1280 x 720 AND THAT IS THE MAX RESOLUTION HEEEEEEEEEEEEEEEEEEEEEEEEEEEEEEEEEEEEELP!!!!!!!!","en","-","https://steamcommunity.com/app/521890/discussions/1/3765607648969885585/","29/01/23 00:17","18/01/2024 04:34:18","Bug Report"
"Hello Neighbor","Horror","–ó–∞–ø—É—Å–∫ –∏–≥—Ä—ã","ru","Playing the game","–õ–∏–ê–ó 5293.60","1","–ó–¥—Ä–∞–≤—Å—Ç–≤—É–π—Ç–µ, —Ä–∞–∑—Ä–∞–±–æ—Ç—á–∏–∫–∏. –ó—Ä—è —É –≤–∞—Å –∫—É–ø–∏–ª –∏–≥—Ä—É! –ó–∞–ø—É—Å–∫–∞—é –∏–≥—Ä—É, —á–∞—Å–∏–∫–∏ –Ω–∞—á–∏–Ω–∞—é—Ç –∫—Ä—É—Ç–∏—Ç—å—Å—è, –∞ –∑–∞—Ç–µ–º —Å—Ä–∞–∑—É –≤—ã–ª–µ—Ç–∞–µ—Ç. –ü–æ–¥—Å–∫–∞–∂–∏—Ç–µ, —á—Ç–æ –º–Ω–µ –¥–µ–ª–∞—Ç—å –≤ —ç—Ç–æ–π —Å–∏—Ç—É–∞—Ü–∏–∏.","ru","Hello, developers, I shouldn't have bought the game from you, I start the game, the clock starts spinning, and then it flies out, so tell me what to do in this situation.","https://steamcommunity.com/app/521890/discussions/1/6169410992325497021/","19/04/23 11:28","18/01/2024 04:34:23","Bug Report"
"Hello Neighbor","Horror","Game does not start","af","Game does not start","pataklapat","4","I've been trying to launch this game and unfortunately no luck.","en","-","https://steamcommunity.com/app/521890/discussions/1/3826410479313363037/","19/03/23 16:50","18/01/2024 04:34:24","Bug Report"
"Hello Neighbor","Horror","yapacaƒüƒ±nƒ±z oyunun damƒ±na sarkayƒ±m","tr","I'm going to hit the roof of the game you're going to play.","ahmijumping","2","bu mk oyununa para √∂dediysem neden korsan oyun oynar gibi wi-fi yi kapatmam gerekiyor","tr","If I paid for this mk game, why do I have to turn off the wi-fi like I'm playing pirate games?","https://steamcommunity.com/app/521890/discussions/1/3828664382482899541/","09/04/23 13:10","18/01/2024 04:34:28","Bug Report"
"Hello Neighbor","Horror","audio does not work properly","af","Error reading file %1: %2","RANGOD","0","every time I press escape i can hear a little *pip* but aside from that there is no game audio. I have restarted the game and my computer as well as messing with audio settings but to no avail. I am genuinely surprised there is no audio settings menu in this game","en","-","https://steamcommunity.com/app/521890/discussions/1/3828664145919398933/","10/04/23 09:49","18/01/2024 04:34:29","Bug Report"
"Hello Neighbor","Horror","when i click play the game is closing","en","-","ùñöùñó ùñâùñäùñÜùñâ","1","I only want to play the hello neighbor :(","en","-","https://steamcommunity.com/app/521890/discussions/1/5769715023489938382/","03/04/23 07:20","18/01/2024 04:34:29","Bug Report"
"Hello Neighbor","Horror","I lost item to pass the game","en","-","Karlo178","0","When I was putting globe in frige its just disapear or something.","en","-","https://steamcommunity.com/app/521890/discussions/1/3820781363201156931/","26/03/23 03:00","18/01/2024 04:34:30","Bug Report"
"Hello Neighbor","Horror","please help","en","-","korybrice","2","When i play it says game has crashed and will close it also says its because of a hello_billy mod so i uninstalled hello billy but did not work is it a file or something someone or tiny build or dynamic pixles please help","en","-","https://steamcommunity.com/app/521890/discussions/1/5675129542145308739/","19/12/22 15:34","18/01/2024 04:34:31","Bug Report"
"Hello Neighbor","Horror","game will not load my previous saved files.","en","-","mad_dog_griffey","1","i just built a new computer after selling my old one a couple months ago, all my old games have no problem loading my last saved data from said couple months ago but after reinstalling hello neighbor it wont load any of my previous saves and wants me to start a new game. is there a way to force sync from steam or am i just out the progress ive made? thanks for any and all help.","en","-","https://steamcommunity.com/app/521890/discussions/1/3782499798639659966/","13/03/23 23:02","18/01/2024 04:34:31","Bug Report"
"Hello Neighbor","Horror","My game don't work","en","-","MixowwYT","3","When i try to open Hello Neighbor it don't open and show this:\n---------------------------\nMessage (name of the window)\n---------------------------\nPlugin 'AppleARKit' failed to load because module 'AppleARKit' could not be found.  Please ensure the plugin is properly installed, otherwise consider disabling the plugin for this project.\n---------------------------\nOK   (button)\n---------------------------","en","-","https://steamcommunity.com/app/521890/discussions/1/3787002719318627697/","06/03/23 06:14","18/01/2024 04:34:32","Bug Report"
"Hello Neighbor","Horror","–ö–∞–∫ –ø–æ—Ñ–∏–∫—Å–∏—Ç—å –∏–≥—Ä—É?","ru","How do you fix the game?","< blank >","1","–ö–∞–∫ –ø–æ—Ñ–∏–∫—Å–∏—Ç—å —á—Ç–æ –Ω–µ –º–æ–≥—É –∏–≥—Ä–∞—Ç—å –≤ –∏–≥—Ä—É –∫–æ–≥–¥–∞ –≤–∫–ª—é—á–µ–Ω –∏–Ω—Ç–µ—Ä–Ω–µ—Ç (–∏–≥—Ä–∞ –ø—Ä–æ—Å—Ç–æ –Ω–µ –∑–∞–ø—É—Å–∫–∞–µ—Ç—å—Å—è). –ß—Ç–æ–±—ã –∑–∞–π—Ç–∏ –Ω—É–∂–Ω–æ –≤–∫–ª—é—á–∏—Ç—å –∏–Ω—Ç–µ—Ä–Ω–µ—Ç, –Ω–æ –µ—Å–ª–∏ –ø–æ—Ç–æ–º –≤–∫–ª—é—á–∏—Ç—å –µ–≥–æ –ø—Ä–∏ –ø–µ—Ä–≤–æ–º —Å–ª–æ–º–∞–Ω–Ω–æ–º –æ–∫–Ω–µ –æ–Ω–∞ –∫—Ä–∞—à–Ω–µ—Ç. –ö–∞–∫ –ø–æ—á–∏–Ω–∏—Ç—å?","ru","How can I make sure I can't play the game when the Internet is on?","https://steamcommunity.com/app/521890/discussions/1/3787002719315078610/","03/03/23 20:08","18/01/2024 04:34:36","Bug Report"
"Hello Neighbor","Horror","deseo rembolso","pt","Translation Failed","nachonadalnachet","2","me pillle el juego ayer no me funciona exactamente bien y hoy e porbado a entrar en l videojuego y no ,e carga y no hay ninguna manera de entrar no se por que es esto pero deseo mi dinero de vuelta dado que solo pude superar tanto com l acto 1 como el 2","es","I caught the game yesterday doesn't work exactly well and today I was forced to go into the video game and no load and there's no way to get in I don't know why it's this but I want my money back since I could only get over both act 1 and act 2","https://steamcommunity.com/app/521890/discussions/1/3777994854961241006/","04/01/23 10:56","18/01/2024 04:34:41","Bug Report"
"Hello Neighbor","Horror","–∏–≥—Ä–∞ –≤—ã–ª–µ—Ç–∞–µ—Ç —Å—Ä–∞–∑—É –∂–µ","ru","The game's coming out right away.","–ø–æ–ø —Å–º–æ—É–∫","1","—è –∫—É–ø–∏–ª –∏–≥—Ä—É, –∑–∞—Ö–æ–∂—É –≤ –Ω–µ–µ, –∏ –æ–Ω–∞ —Å—Ä–∞–∑—É –∂–µ –≤—ã–ª–µ—Ç–∞–µ—Ç, —á—Ç–æ –¥–µ–ª–∞—Ç—å?","ru","I bought a game, I go into it, and it goes right out, what do you do?","https://steamcommunity.com/app/521890/discussions/1/3765608728347609204/","12/02/23 04:37","18/01/2024 04:34:46","Bug Report"
"Hello Neighbor","Horror","Hello Neighbor No abre","en","-","pessimistboy","3","Cada vez que apreto jugar el juego se abre y al pasado pocos segundos se cierra automaticamente . Alguno me pueda dar una solucion?","es","Every time I squeeze play the game opens and in the past few seconds it automatically closes. Can anyone give me a solution?","https://steamcommunity.com/app/521890/discussions/1/3734079155596354874/","29/12/22 10:53","18/01/2024 04:34:49","Bug Report"
"Hello Neighbor","Horror","please help","en","-","engineer (!!!!!!11!!!1)","0","hello neighbor modkit crashes when clicking play","en","-","https://steamcommunity.com/app/521890/discussions/1/3765607648970407837/","01/02/23 11:59","18/01/2024 04:34:50","Bug Report"
"Hello Neighbor","Horror","please help","en","-","engineer (!!!!!!11!!!1)","0","hello neighbor modkit crashes when clicking play","en","-","https://steamcommunity.com/app/521890/discussions/1/3765607648976759603/","01/02/23 11:59","18/01/2024 04:34:51","Bug Report"
"Hello Neighbor","Horror","game crashes after launching","en","-","Shadow_NZ","11","i load up hello neighbor and it crashes on the loading screen","en","-","https://steamcommunity.com/app/521890/discussions/1/3721693063165578373/","11/12/22 14:36","18/01/2024 04:34:51","Bug Report"
"Hello Neighbor","Horror","help i cant see my mods i download in modding","cy","help to see Do I'm incoming mode","ADBat","0","help please","en","-","https://steamcommunity.com/app/521890/discussions/1/3734079567820261005/","31/12/22 19:31","18/01/2024 04:34:52","Bug Report"
"Hello Neighbor","Horror","Max Resolution of 1600x900..","en","-","Sleepy joe","4","The game is giving me resolution of 1600x900 as a limit, how can I fix it to 1920x1080? (I don't have the option in the settings of the game to make the resolution above 1600x900)","en","-","https://steamcommunity.com/app/521890/discussions/1/5675129542144916588/","20/12/22 01:40","18/01/2024 04:34:52","Bug Report"
"Hello Neighbor","Horror","juego se cierra al iniciarlo","es","game closes when you start it","adolfo_saiz","1","El juego se cierra al iniciarlo no se que problema puede haber, he probado a verificar los archivos locales pero no se soluciona.
Alguien podr√≠a darme una soluci√≥n?
Gracias","es","The game closes when you start it I don't know what problem there may be, I have tried to verify the local files but it doesn't fix. Someone could give me a solution? Thank you","https://steamcommunity.com/app/521890/discussions/1/3734078642256965004/","22/12/22 01:39","18/01/2024 04:34:57","Bug Report"
"Hello Neighbor","Horror","I cant put items on shopping car please help me","en","-","alp20006","2","I really cant put any item on shopping cart and the puppets folling then time limit I get mad Im not a bad player but when I try to put items on car items are flying","en","-","https://steamcommunity.com/app/521890/discussions/1/3717188244462751246/","03/12/22 11:01","18/01/2024 04:34:58","Bug Report"
"Hello Neighbor","Horror","cant open hello neighbor?","en","-","mags.smith10","9","whenever i  try to lunch the game it wont open cane any one help?","en","-","https://steamcommunity.com/app/521890/discussions/1/3600094457161818001/","24/11/22 12:58","18/01/2024 04:34:58","Bug Report"
"Hello Neighbor","Horror","MENU BUG","de","MENU BUG","mapuche juje√±o","0","I can't move in the menu, i just can click enter and esc.\nI want to start a new game.","en","-","https://steamcommunity.com/app/521890/discussions/1/3721693063165585948/","09/12/22 05:53","18/01/2024 04:34:59","Bug Report"
"Hello Neighbor","Horror","–ò–≥—Ä–∞ –≤—ã–ª–µ—Ç–∞–µ—Ç –∏ –Ω–µ –∑–∞–ø—É—Å–∫–∞–µ—Ç—Å—è —Å –∏–Ω—Ç–µ—Ä–Ω–µ—Ç–æ–º.","ru","The game goes off and doesn't run with the Internet.","MrDenkur","3","–ó–¥—Ä–∞–≤—Å—Ç–≤—É–π—Ç–µ,–º–æ–∂–µ—Ç–µ –ø–æ–∂–∞–ª—É–π—Å—Ç–∞ –ø–æ–¥—Å–∫–∞–∑–∞—Ç—å.–ö–æ–≥–¥–∞ —è –∑–∞–ø—É—Å–∫–∞—é –∏–≥—Ä—É —Ç–æ –Ω–∞ —Ñ–æ–Ω–µ —Ç–∏–∫–∞—é—Ç —á–∞—Å—ã –∏ –≤—ã–ª–µ—Ç–∞–µ—Ç –∞ –±–µ–∑ –∏–Ω—Ç–µ—Ä–Ω–µ—Ç–∞ –≤—Å–µ –ø—Ä–µ–∫—Ä–∞—Å–Ω–æ —Ä–∞–±–æ—Ç–∞–µ—Ç.","ru","Hello, can you please give me a hint? When I run the game, the clock is ticking in the background and flying out, and without the Internet, everything works perfectly.","https://steamcommunity.com/app/521890/discussions/1/3721692478274642301/","20/06/22 09:50","18/01/2024 04:35:04","Bug Report"
"Hello Neighbor","Horror","game wont start","nl","game wont start","Evenstar","4","I have wanted to play this game forever, the concept sounds so fun, but.... I finally got it and it wont start, ill hold out for a few days hoping it gets fixed. the work arounds didnt seem to help","en","-","https://steamcommunity.com/app/521890/discussions/1/3721692478274643662/","01/12/22 12:54","18/01/2024 04:35:04","Bug Report"
"Hello Neighbor","Horror","Game Will Not Start","en","-","Deadly_Gamer","2","I have recently purchased the game named Hello Neighbour, and started to download it. When it was finished downloading, I started to click on the game and showed the normal launching screen, but after a few minutes it kicks me out to my steam page, and does not launch the game. I have also tried to uninstall it, and reinstall it but still shows the same result. I also shut down my PC and did the same thing but still does not work. I have know idea why this is happening so if anyone knows on how to fix this, please let me know so I can play","en","-","https://steamcommunity.com/app/521890/discussions/1/3721692478274641488/","05/12/22 03:07","18/01/2024 04:35:05","Bug Report"
"Hello Neighbor","Horror","ÊÉ≥ÈóÆÈóÆÊÄé‰πàËß£ÂÜ≥Hello Neighbor1ÁöÑÂç°ÈÄÄÈóÆÈ¢ò","no","Translation Failed","Â≠©Â≠ê‰ª¨ÔºåÊÉ≥Êàë‰∫ÜÂêóÔºü","1","Â∞±ÂàöËøõÂéªÂä†ËΩΩÂ∞±Âç°ÈÄÄÂá∫Êù•‰∫ÜÔºå‰∏çÁü•ÈÅìÊòØ‰ªÄ‰πàÈóÆÈ¢ò","zh-cn","I just got in and loaded and I quit. I don't know what the problem is.","https://steamcommunity.com/app/521890/discussions/1/5230393378279360408/","17/10/22 03:46","18/01/2024 04:35:09","Bug Report"
"Hello Neighbor","Horror","–ù–ï –ó–ê–ü–£–°–ö–ê–ï–¢–°–Ø HELLO NEIGHBOR","vi","GREELO NEIGHBOR","Natw1k","2","–∫—É–ø–∏–ª –∏–≥—Ä—É, –Ω–µ –∑–∞–ø—É—Å–∫–∞–µ—Ç—Å—è. –ù–∞–∂–∏–º–∞—é –∏–≥—Ä–∞—Ç—å, –¥–æ—Ö–æ–¥–∏—Ç –¥–æ –∑–∞–≥—Ä—É–∑–∫–∏ —Å –±—É–¥–∏–ª—å–Ω–∏–∫–æ–º –∏ –æ—Å—Ç–∞–Ω–∞–≤–ª–∏–≤–∞–µ—Ç—Å—è, –ø–æ—Ç–æ–º –≤—ã–ª–µ—Ç–∞–µ—Ç –∏ –∑–∞–∫—Ä—ã–≤–∞–µ—Ç—Å—è","ru","Got the game, doesn't start, presses the game, hits the alarm and stops, then flies out and closes.","https://steamcommunity.com/app/521890/discussions/1/3600094457165872955/","29/11/22 08:15","18/01/2024 04:35:13","Bug Report"
"Hello Neighbor","Horror","game launches then crashes","en","-","Concept","99","im on a 64 bit windows with core i9 11700f 32 gb ram and a 3060 ti. for some reason the 64 bit version doesnt work. i tried the 32 bit but mods dont work on it. can anyone help me get the 64 bit version working? it just opens and when the loading clock appears the game crashes","en","-","https://steamcommunity.com/app/521890/discussions/1/3367027031774582840/","03/11/21 12:58","18/01/2024 04:35:14","Bug Report"
"Hello Neighbor","Horror","pls help","nl","pls help","ImLimb0","4","when i click select act or new game its crashes on the clock loading screen","en","-","https://steamcommunity.com/app/521890/discussions/1/3600094457161817759/","26/11/22 11:52","18/01/2024 04:35:15","Bug Report"
"Hello Neighbor","Horror","Can't open?","nl","Can't open it?","Kipaku","1","Anyone else not able to open the game? I've uninstalled and re-installed twice and it just starts up but then closes before I get to the menu..","en","-","https://steamcommunity.com/app/521890/discussions/1/3549427890058295374/","15/11/22 16:05","18/01/2024 04:35:15","Bug Report"
"Hello Neighbor","Horror","Hello Neighbor no abre...","it","Hello Neighbor no abre...","HENRY_GAMER1221","2","Ayuda gente. Al momento de abrir el juego, carga un rato luego se cierra. ¬øAlguna idea de por qu√©?","es","Help people, when you open the game, load up for a while, then it closes, any idea why?","https://steamcommunity.com/app/521890/discussions/1/5350867208718711424/","13/11/22 14:06","18/01/2024 04:35:19","Bug Report"
"Hello Neighbor","Horror","beug","de","Bend","leonardo martinez","1","bonjour je vien d'acheter le jeu et quand je lance sa me fait quitter le jeu pk ?","fr","Hello, I've just bought the game and when I throw it I'm leaving the pk game?","https://steamcommunity.com/app/521890/discussions/1/5350867208718714442/","01/11/22 05:38","18/01/2024 04:35:23","Bug Report"
"Hello Neighbor","Horror","hello neighbor not working","en","-","budimand473","4","i need help! every time i opened hello neighbor game.it crashing!","en","-","https://steamcommunity.com/app/521890/discussions/1/5350867208718713858/","21/07/22 19:53","18/01/2024 04:35:24","Bug Report"
"Hello Neighbor","Horror","–Ω–µ –∑–∞–ø—É—Å–∫–∞–µ—Ç—Å—è HELLO NIEGHBOR","ru","HELLO NIEGHBOR does not start","_TOSVA_","1","–∫–æ–≥–¥–∞ —è –∑–∞—Ö–æ–∂—É –≤ –∏–≥—Ä—É —É –º–µ–Ω—è —Å—Ä–∞–∑—É –∂–µ –≤—ã–ª–µ—Ç–∞–µ—Ç –∏ –Ω–µ –Ω–µ –æ–¥–Ω–æ–π –æ—à–∏–±–∫–∏ –ø—Ä–æ—Å—Ç–æ –≤—ã–ª–µ—Ç–∞–µ—Ç –∏ –≤—Å–µ —á—Ç–æ –¥–µ–ª–∞—Ç—å –ø–æ–º–æ–≥–∏—Ç–µ","ru","When I'm in the game, I'm out of here, and there's more than one mistake just goes out and all you have to do is help me out.","https://steamcommunity.com/app/521890/discussions/1/5350867208718691984/","14/11/22 02:28","18/01/2024 04:35:29","Bug Report"
"Hello Neighbor","Horror","Hello Neighbor crash when loading the game","en","-","DAYVUUN","5","Think I found the fix to this... Before you boot this game up, ensure that you have the Epic Games Launcher downloaded and updated.  Find Hello Neighbor in your steam library, right click and hit properties, hit local files, then browse. Look for the Engine folder, then find the Extras folder, next go into the Redist folder, then the en-us folder. You will see something called UE4PrereqSetup_x64, double click it and ensure that you also have this downloaded before opening up the game. \n\nAfter ensuring that you have all of that done, type env into your windows search bar and find ~Edit the system environment variables~. Make sure you are in the Advanced tab and at the bottom right you will see Environment Variables, click it. NOW MAKE SURE YOU ARE UNDER System variables and hit New... \n\nFor the Variable name: OPENSSL_ia32cap\nFor the Variable value: ~0x20000000\n\nHit Save and this should fix the problem. If it still isn't working, try running the game at a lower frame rate. Had another game that was crashing on me and this fixed the game as well. Hope this helps out.","en","-","https://steamcommunity.com/app/521890/discussions/1/3318611373470443399/","17/12/21 02:57","18/01/2024 04:35:29","Bug Report"
"Hello Neighbor","Horror","Crashing on launch [Windows]","en","-","Hellarious","2","Its crashing when i'm just trying to start it. No error message. Please help","en","-","https://steamcommunity.com/app/521890/discussions/1/3385043165904873889/","09/10/22 22:03","18/01/2024 04:35:30","Bug Report"
"Hello Neighbor","Horror","Not starting","sv","Not starting","Green","2","I click to install the game the download bar shows up then it goes away? anyone know how to fix this?","en","-","https://steamcommunity.com/app/521890/discussions/1/3367027031792461701/","16/07/17 07:01","18/01/2024 04:35:30","Bug Report"
"Hello Neighbor","Horror","Can't open the game","en","-","Canaima","3","When I try to play, I press the execute button on Steam, the game launches but 2 seconds later it automatically closes. Does somebody know why this happens?ÀêsteamsadÀê","en","-","https://steamcommunity.com/app/521890/discussions/1/3367027031792462554/","03/01/22 06:20","18/01/2024 04:35:31","Bug Report"
"Hello Neighbor","Horror","My Game Hello neigbouhr crashed after starting?","en","-","Caps","1","I recently checked out Hello neighbor on Steam\nbought and after i installed it,\nand then started it it crashed over and over again\nWhich is a shame because I really like this game.\nI really hope you can help me.\n\nSincerely, Dennis!","en","-","https://steamcommunity.com/app/521890/discussions/1/4650551739537357795/","09/09/22 08:21","18/01/2024 04:35:32","Bug Report"
"Hello Neighbor","Horror","Enter not working on first screen in main menu","en","-","Mi4i0","3","After launching game is not recognize pressing Enter, but it's asking to press Enter for opening menu. Tried different keyboards, but result still the same","en","-","https://steamcommunity.com/app/521890/discussions/1/3425571923628814189/","03/09/22 03:36","18/01/2024 04:35:32","Bug Report"
"Hello Neighbor","Horror","Fresh install of the game, crashes on launch","en","-","jammers","6","does anyone else have this issue? it crashes right after it launches. i never get past the black screen.","en","-","https://steamcommunity.com/app/521890/discussions/1/3425571923636382469/","02/09/22 08:00","18/01/2024 04:35:33","Bug Report"
"Hello Neighbor","Horror","screen tearing","en","-","SaulGoodman","1","I CANT TAKE IT IVE DONE EVERYTHING HOW DO I FIX","en","-","https://steamcommunity.com/app/521890/discussions/1/3425571923617389007/","30/08/22 18:44","18/01/2024 04:35:33","Bug Report"
"Hello Neighbor","Horror","please help","en","-","engineer (!!!!!!11!!!1)","0","i'm working on a map for HN but the lighting on the map is broken and i tried building the lights but it does nothing","en","-","https://steamcommunity.com/app/521890/discussions/1/3318611373470444098/","26/08/22 11:42","18/01/2024 04:35:34","Bug Report"
"Hello Neighbor","Horror","Hello neighbor alpha 4 crash","en","-","zrod","3","After I was playing alpha 4 I changed it to alpha 2 and I went back on alpha 4mit just kept crashing please tell me if you know how to fix it\n","en","-","https://steamcommunity.com/app/521890/discussions/1/3318610798937640965/","02/08/17 08:55","18/01/2024 04:35:35","Bug Report"
"Hello Neighbor","Horror","Komme nd rein !","de","Come on in!","J√§smen","1","ich w√ºrde Wirklich gerne das spiel spielen, aber ich komme nd rein ! Es geht immer nur bis zur Uhr und dann werde ich rausgeschmissen !ÀêsteamsadÀê","de","I would really like to play the game, but I come in and it always goes up to the clock and then I get kicked out!","https://steamcommunity.com/app/521890/discussions/1/3318610798937641780/","02/08/22 00:58","18/01/2024 04:35:39","Bug Report"
"Hello Neighbor","Horror","aiuto !","it","Help!","ERSAMBUCONEMOLINARI","0","non avvia il gioco anche facendo quello che steam consiglia","it","does not start the game even doing what steam recommends","https://steamcommunity.com/app/521890/discussions/1/3318610798937642689/","08/08/22 12:26","18/01/2024 04:35:42","Bug Report"
"Hello Neighbor","Horror","help please??","en","-","untitledgoosegamer10","0","my game keeps crashing when i play act 3! the longest time i have gotten out of act 3 is 1 minute! I have tried restarting and it didn't work! please somebody help!!!","en","-","https://steamcommunity.com/app/521890/discussions/1/3318610798937643223/","07/08/22 15:14","18/01/2024 04:35:43","Bug Report"
"Hello Neighbor","Horror","issues with alpha access","en","-","Civil Servant Mk.II Scorch Shot","2","Hello Neighbor Alpha access issues\nHi all, I'm new. Ive paid for the alpha access. So from what ive read its the pre purchase of full version when released and trial game and other content.\n\nGot a new laptop with windows 10. \nCan't get anything to load. \nDeleted and reinstalled 4 times. Cleared cache etc as directed from steam.\n\nAnyone able to help me?\nCheers","en","-","https://steamcommunity.com/app/521890/discussions/1/3318610798937644109/","21/08/17 03:43","18/01/2024 04:35:44","Bug Report"
"Hello Neighbor","Horror","Crash at the start","en","-","Jahim","6","So i bought hello neighbor on steam and i can't turn it on. It shows me a screen with clock and then crashes. I know that i can unplug my internet cable but i want to watch youtube on second Screen. When i unplug cable then launch and then plug again game crashes when i crash the window, neighbor catches me etc. I don't want to reset my progress but if it will be only way i can do this.","en","-","https://steamcommunity.com/app/521890/discussions/1/3318610798937644417/","10/06/22 07:21","18/01/2024 04:35:44","Bug Report"
"Hello Neighbor","Horror","ÂàÜËæ®ÁéáÈóÆÈ¢ò","zh-cn","Question of resolution","Âê¥Âì•Âà∂Ë£Å‰Ω†","0","ÂÖÑÂºü‰ª¨Ôºå‰∏∫‰ªÄ‰πàÊàëÂºÄ‰∏ç‰∫Ü1080pÔºåÊàëÁöÑÁîµËÑëÊòØÊîØÊåÅ1080pÁöÑ","zh-cn","Guys, why can't I drive 1080 p? My computer supports 1080 p.","https://steamcommunity.com/app/521890/discussions/1/3318610798937644915/","06/08/22 06:26","18/01/2024 04:35:48","Bug Report"
"Hello Neighbor","Horror","–ù–ï –ó–ê–ü–£–°–ö–ê–ï–¢–°–Ø HELLO NEIGHBOR","vi","GREELO NEIGHBOR","Barone_DiceBro","1","–ü—Ä–∏ –∑–∞–ø—É—Å–∫–µ Hello neighbor –∑–∞–ø—É—Å–∫–∞–µ—Ç—Å—è —ç–∫—Ä–∞–Ω —á–∞—Å–æ–≤(–∑–∞–≥—Ä—É–∑–∫–∞) –∏ –∏–≥—Ä–∞ –≤—ã–ª–µ—Ç–∞–µ—Ç","ru","When the Hello neighbor is launched, the watch screen(s) is activated and the game flies out.","https://steamcommunity.com/app/521890/discussions/1/3777994452124869685/","13/04/22 04:54","18/01/2024 04:35:52","Bug Report"
"Hello Neighbor","Horror","Stuck at ""Press Enter to continue""","en","-","YardGnomeNinja","16","I've verified local files to no avail. I've tried pushing every other button on the keyboard out of frustration and nothing happens. Any suggestions?","en","-","https://steamcommunity.com/app/521890/discussions/1/6266252158287825794/","08/12/17 14:10","18/01/2024 04:35:53","Bug Report"
"Hello Neighbor","Horror","Hello Neighbor loading screen freezes","en","-","GhostingOdyssey","11","Hey guys when  the menu loads up it freezes at the loading screen menu. Does anyone have the same problem? Any solutions?","en","-","https://steamcommunity.com/app/521890/discussions/1/3880471364310095924/","03/01/18 03:56","18/01/2024 04:35:54","Bug Report"
"Hello Neighbor 2","Horror","PINNED:Troubleshooting","en","-","k1mon","0","Our most up-to-date troubleshooting guide can be found [url=https:\/\/tinybuildgames.zendesk.com\/hc\/en-us\/categories\/11023910471060-Hello-Neighbor-2]here![\/url]

If this doesn't help, please create a new post under the [url=https:\/\/steamcommunity.com\/app\/1321680\/discussions\/1\/]Bug Report Subforum[\/url] or contact our support [url=https:\/\/tinybuildgames.zendesk.com\/hc\/en-us\/requests\/new]here.[\/url] Please note that contacting our support is the easiest way to share files with us if this is required.

While doing so, don't forget to provide us with your exact PC specifications and build version. ÀêHNSuspiciousÀê","en","-","https://steamcommunity.com/app/1321680/discussions/1/3710432845017241983/","01/12/22 09:17","18/01/2024 04:42:05","Bug Report"
"Hello Neighbor 2","Horror","–ù–µ –≤—ã–ø–æ–ª–Ω—è–µ—Ç—Å—è –¥–æ—Å—Ç–∏–∂–µ–Ω–∏–µ ""–õ—é–±–∏—Ç–µ–ª—å –∫–æ—à–µ–∫""","ru","The achievement of Cat Lover is not being fulfilled.","mamut rahal","4","–ù–µ –≤—ã–ø–æ–ª–Ω—è–µ—Ç—Å—è –¥–æ—Å—Ç–∏–∂–µ–Ω–∏–µ ""–õ—é–±–∏—Ç–µ–ª—å –∫–æ—à–µ–∫"". –ü—Ä–æ–±–æ–≤–∞–ª –ø–æ-—Ä–∞–∑–Ω–æ–º—É, –Ω–æ –≤—Å–µ —Ä–∞–≤–Ω–æ –Ω–∏–∫–∞–∫–æ–≥–æ —Ä–µ–∑—É–ª—å—Ç–∞—Ç–∞. –≠—Ç–æ –∫–∞–∫–æ–π-—Ç–æ –±–∞–≥, –∏–ª–∏ —è, –≤–æ–∑–º–æ–∂–Ω–æ, –Ω–µ –ø—Ä–∞–≤–∏–ª—å–Ω–æ —á—Ç–æ-—Ç–æ –¥–µ–ª–∞—é?","ru","I don't get the Cat Lover thing done. I tried it differently, but I didn't get it. Is that some kind of bug, or am I probably doing something wrong?","https://steamcommunity.com/app/1321680/discussions/1/4027968871047636846/","15/11/23 22:52","18/01/2024 04:42:09","Bug Report"
"Hello Neighbor 2","Horror","The Baker is fine :)","en","-","Gl1tch","2","She keeps starring into the bathtub and when I angered her she went to grunting and picking up and placing the scissors on the table repeatability it was on the table already this was on xbox","en","-","https://steamcommunity.com/app/1321680/discussions/1/3934517938646875148/","06/11/23 23:51","18/01/2024 04:42:10","Bug Report"
"Hello Neighbor 2","Horror","I completed the new puzzles but it reset my game!","en","-","Joel_MEGYC","4","(spoilers) I completed the new update and found the mannequins and past out, but the after I passed out, it then was playing the cutscene of the start of the game. All the houses that i snuck into were closed and all my progress was just gone. Was this supposed to be an ending when i die or did the game completely bug out? Update was very cool though.","en","-","https://steamcommunity.com/app/1321680/discussions/1/3934517363283676219/","01/11/23 13:19","18/01/2024 04:42:11","Bug Report"
"Hello Neighbor 2","Horror","Navmesh in Hello mod kit","sl","Translation Failed","melotajones","1","...","Detection Failed","-","https://steamcommunity.com/app/1321680/discussions/1/3934517363280181549/","01/11/23 10:05","18/01/2024 04:42:11","Bug Report"
"Hello Neighbor 2","Horror","The cassette is missing in the tape recorder. BUG! / –ü—Ä–æ–ø–∞–ª–∞ –∫–∞—Å—Å–µ—Ç–∞ –≤ –º–∞–≥–Ω–∏—Ç–æ—Ñ–æ–Ω–µ. –ë–ê–ì!","bg","The cassette is missing in the tape recorder. BUG!","snaroozhi ‚ô•","0","Help!!!
I collected all the tapes (6 with the crow sticker and 2 without). I inserted the red cassette into the tape recorder, listened to it. Then I walked around the location. When I returned, the red cassette was not in the tape recorder, but it can be played: that is, its model is not there, it cannot be pulled out, another one cannot be inserted, interacting with the area with the cassette in the tape recorder opens\/closes the tape recorder lid. What to do? Restart doesn't help. In the slot where I found the cassette, it's not there either.
Also, I couldn't find the red ""rec"" button on the tape recorder.

–ü–æ–º–æ–≥–∏—Ç–µ!!!
–°–æ–±—Ä–∞–ª –≤—Å–µ –∫–∞—Å—Å–µ—Ç—ã (6 —Å–æ —Å—Ç–∏–∫–µ—Ä–æ–º –≤–æ—Ä–æ–Ω—ã –∏ 2 –±–µ–∑). –í—Å—Ç–∞–≤–∏–ª –∫—Ä–∞—Å–Ω—É—é –∫–∞—Å—Å–µ—Ç—É –≤ –º–∞–≥–Ω–∏—Ç–æ—Ñ–æ–Ω, –ø—Ä–æ—Å–ª—É—à–∞–ª. –ó–∞—Ç–µ–º —è –ø—Ä–æ–≥—É–ª—è–ª—Å—è –ø–æ –ª–æ–∫–∞—Ü–∏–∏. –ö–æ–≥–¥–∞ —è –≤–µ—Ä–Ω—É–ª—Å—è –∫—Ä–∞—Å–Ω–æ–π –∫–∞—Å—Å–µ—Ç—ã –Ω–µ –±—ã–ª–æ –≤ –º–∞–≥–Ω–∏—Ç–æ—Ñ–æ–Ω–µ, –Ω–æ –µ—ë –º–æ–∂–Ω–æ –≤–æ—Å–ø—Ä–æ–∏–∑–≤–µ—Å—Ç–∏: —Ç–æ –µ—Å—Ç—å –µ—ë –º–æ–¥–µ–ª–∏ –Ω–µ—Ç, –µ—ë –Ω–µ–ª—å–∑—è –≤—ã—Ç–∞—â–∏—Ç—å, –Ω–µ–ª—å–∑—è –≤—Å—Ç–∞–≤–∏—Ç—å –¥—Ä—É–≥—É—é, –ø—Ä–∏ –≤–∑–∞–∏–º–æ–¥–µ–π—Å—Ç–≤–∏–∏ –Ω–∞ –æ–±–ª–∞—Å—Ç—å —Å –∫–∞—Å—Å–µ—Ç–æ–π –≤ –º–∞–≥–Ω–∏—Ç–æ—Ñ–æ–Ω–µ –ø—Ä–æ–∏—Å—Ö–æ–¥–∏—Ç –æ—Ç–∫—Ä—ã—Ç–∏–µ\/–∑–∞–∫—Ä—ã—Ç–∏–µ –∫—Ä—ã—à–∫–∏ –º–∞–≥–Ω–∏—Ç–æ—Ñ–æ–Ω–∞. –ß—Ç–æ –¥–µ–ª–∞—Ç—å? –ü–µ—Ä–µ–∑–∞–ø—É—Å–∫ –Ω–µ –ø–æ–º–æ–≥–∞–µ—Ç. –í –≥–Ω–µ–∑–¥–µ, –≥–¥–µ —è –Ω–∞—à–µ–ª –∫–∞—Å—Å–µ—Ç—É –µ—ë —Ç–æ–∂–µ –Ω–µ—Ç.
–¢–∞–∫–∂–µ –Ω–µ —Å–º–æ–≥ –Ω–∞–π—Ç–∏ –∫—Ä–∞—Å–Ω—É—é –∫–Ω–æ–ø–∫—É –º–∞–≥–Ω–∏—Ç–æ—Ñ–æ–Ω–∞ ""rec""","en","-","https://steamcommunity.com/app/1321680/discussions/1/3873718133744756552/","26/10/23 12:00","18/01/2024 04:42:12","Bug Report"
"Hello Neighbor 2","Horror","sound issue","en","-","w","0","hello,  when i enter the game i have a very loud sound of neighbor chasing somebody and even when i lower my audio to 0% this sound doesnt go away. Once i completed the game but now i bought the dlc and my audio is broken in menu in game in dlc. i tried reinstalling the game and checking my files on steam and nothing works.","en","-","https://steamcommunity.com/app/1321680/discussions/1/3817419154273764424/","12/09/23 03:11","18/01/2024 04:42:13","Bug Report"
"Hello Neighbor 2","Horror","Bug in hn2 back to school","en","-","SniperPrincess","1","I get up to the clock mechanism to turn the clock on and I can't flip the switch. I did all I needed to do before that part but now I can't continue it.","en","-","https://steamcommunity.com/app/1321680/discussions/1/3805027459323878259/","01/07/23 13:37","18/01/2024 04:42:13","Bug Report"
"Hello Neighbor 2","Horror","Lever in the green box","en","-","Fibzeo","1","Hello. In Mr Peterson's house, there's a lever in a green box upstairs in the left-hand room, but the box doesn't appear. Do you have any solutions?","en","-","https://steamcommunity.com/app/1321680/discussions/1/3805027864676668600/","04/07/23 04:34","18/01/2024 04:42:14","Bug Report"
"Hello Neighbor 2","Horror","Hello neighbor 2 demo fps drop","it","Hello neighbor 2 demo fps drop","toy_crusher3000","0","When I start playing hello neighbor 2 demo I get a very big fps drop and it makes the game unplayable from low frame rate so I was wondering if someone can help me solve the problem, by the way I put all low settings and the did not help.","en","-","https://steamcommunity.com/app/1321680/discussions/1/3805027864680318621/","05/07/23 04:32","18/01/2024 04:42:14","Bug Report"
"Hello Neighbor 2","Horror","Crash in hn2 back to school","en","-","SniperPrincess","1","Everytime I make it to the part where I have to jump\/climb on the moving gears the game crashes on me","en","-","https://steamcommunity.com/app/1321680/discussions/1/3818536354786885369/","10/06/23 07:11","18/01/2024 04:42:15","Bug Report"
"Hello Neighbor 2","Horror","HN2 demo crashing on startup","en","-","gamesgamesilove","4","i was gonna give the games another shot but it seems like its already off to a bad start. \nheres the crash report, tell me how to fix it please.\n\n\nLowLevelFatalError [File:Unknown] [Line: 741] pDevice->GetTextureAllocator().AllocateTexture(TextureDesc, ClearValue, Format, *OutTexture2D, InitialState, Name) failed at D:\/Build\/++UE4\/Sync\/Engine\/Source\/Runtime\/D3D12RHI\/Private\/D3D12Texture.cpp:696 with error DXGI_ERROR_DEVICE_REMOVED, Size=32x32x1 Format=(0x00000046), NumMips=6, Flags=\n\nHelloNeighbor2_Win64_Shipping!SafeCreateTexture2D()\nHelloNeighbor2_Win64_Shipping!FD3D12LinkedAdapterObject<FD3D12TextureBase>::FLinkedObjectIterator::operator++()\nHelloNeighbor2_Win64_Shipping!FD3D12DynamicRHI::CreateD3D12Texture2D<FD3D12BaseTexture2D>()\nHelloNeighbor2_Win64_Shipping!FD3D12DynamicRHI::RHICreateTexture2D_RenderThread()\nHelloNeighbor2_Win64_Shipping!FTexture2DResource::CreateTexture()\nHelloNeighbor2_Win64_Shipping!FStreamableTextureResource::InitRHI()\nHelloNeighbor2_Win64_Shipping!FRenderResource::InitResource()\nHelloNeighbor2_Win64_Shipping!TGraphTask<TEnqueueUniqueRenderCommandType<`FBatchedReleaseResources::Flush'::`5'::BatchReleaseCommandName,<lambda_5beb31fd242d901e6eb3f90a964cb1ba> > >::ExecuteTask()\nHelloNeighbor2_Win64_Shipping!FNamedTaskThread::ProcessTasksUntilQuit()\nHelloNeighbor2_Win64_Shipping!RenderingThreadMain()\nHelloNeighbor2_Win64_Shipping!FRenderingThread::Run()\nHelloNeighbor2_Win64_Shipping!FRunnableThreadWin::Run()","en","-","https://steamcommunity.com/app/1321680/discussions/1/3373782431178365837/","20/09/22 18:44","18/01/2024 04:42:16","Bug Report"
"Hello Neighbor 2","Horror","Crashed Game For unreal engine","en","-","Talal shomrani","1"," [Line: 13250]","de","[Line: 13250]","https://steamcommunity.com/app/1321680/discussions/1/3826414483632515783/","05/05/23 06:33","18/01/2024 04:42:19","Bug Report"
"Hello Neighbor 2","Horror","Catching FPS drop when moving my head","en","-","Dmitry Vorobyev","2","Performance of this game is a true surprise for me, negatively. \n\nI heard some influences speaking about good optimization, checked sys req and noticed 1660 geforce as recommended card. Looks good. \n\nBut game barely gives me 60 fps on a laptop with 12900h and geforce 3070ti. Moreover, if a quickly move my head 60 fps drop to 40+, why? Thought maybe it's a motion blur bug, but disabling it didn't solve the issue.\n\nI'm playing on ultra settings 2560x1600\n\nhttps:\/\/www.youtube.com\/watch?v=tgZwbUrvbC0","en","-","https://steamcommunity.com/app/1321680/discussions/1/3826414483632267865/","02/05/23 04:41","18/01/2024 04:42:19","Bug Report"
"Hello Neighbor 2","Horror","crash","en","-","ùñåùñéùñôùñîùñì","1","alguien sabe como solucionar xq cuando quiero arrancar partida se me crashea y busque en yutube y nd funciona aunque tengo una 730 pero igual es imposible que sea por eso  y tengo un i78 9gen","es","Someone knows how to fix xq when I want to start the game. It cracks me and I look at yutube and nd it works even though I have a 730 but it's still impossible for that to happen and I have an i78 9gen.","https://steamcommunity.com/app/1321680/discussions/1/3823034882947624142/","08/04/23 23:01","18/01/2024 04:42:29","Bug Report"
"Hello Neighbor 2","Horror","How to crash game","en","-","ùÖ∏","1","While the game is loading press the escape key and click on load save","en","-","https://steamcommunity.com/app/1321680/discussions/1/3823034882947618087/","11/04/23 16:50","18/01/2024 04:42:29","Bug Report"
"Hello Neighbor 2","Horror","–î–æ–±—Ä—ã–π –¥–µ–Ω—å.–ò–∑ –∏–≥—Ä—ã –ø–æ—Å—Ç–æ—è–Ω–Ω–æ –∏—Å—á–µ–∑–∞–µ—Ç –∫–∞–º–µ—Ä–∞ –∏ –º–æ–Ω–∏—Ç–æ—Ä –¥–ª—è –≤–∏–¥–∏–æ-–Ω–∞–±–ª—é–¥–µ–Ω–∏—è.","ru","Good afternoon. There's a camera and a surveillance monitor disappearing from the game all the time.","r_u_d_o","0","–£–∂–µ 5 —Ä–∞–∑ –∏–≥—Ä–∞ —Å–±—Ä–∞—Å—ã–≤–∞–µ—Ç—Å—è,–∏ –ø–æ—Å—Ç–æ—è–Ω–Ω–æ –ø—Ä–æ–ø–∞–¥–∞–µ—Ç –∫–∞–º–µ—Ä–∞+–º–æ–Ω–∏—Ç–æ—Ä –≤–∏–¥–∏–æ –Ω–∞–±–ª—é–¥–µ–Ω–∏—è,—Ä–µ–±—ë–Ω–æ–∫ –±–æ–ª—å—à–µ –Ω–µ —Ö–æ—á–µ—Ç —Å–±—Ä–∞—Å—ã–≤–∞—Ç—å –ø—Ä–æ–≥—Ä–µ—Å—Å –∏–≥—Ä—ã.–í –¥–æ–º–µ –∑–∞ –∫–∞—Ä—Ç–∏–Ω–æ–π –ø—É—Å—Ç–æ.–ü–æ–¥—Å–∫–∞–∂–∏—Ç–µ –∫–∞–∫ –∏—Å–ø—Ä–∞–≤–∏—Ç—å –¥–∞–Ω–Ω—É—é –æ—à–∏–±–∫—É.–ò–ª–∏ –≥–¥–µ –¥–æ—Å—Ç–∞—Ç—å —ç—Ç–∏ –ø—Ä–µ–¥–º–µ—Ç—ã –±–µ–∑ —Å–±—Ä–æ—Å–∞ –∏–≥—Ä—ã.","ru","It's been dropped five times, and the camera plus monitor is constantly missing, and the kid doesn't want to mess with the progress of the game anymore. In the house behind the painting, it's empty. Tell me how to correct this mistake. Or where to get these objects without dropping the game.","https://steamcommunity.com/app/1321680/discussions/1/3823034248727160290/","07/04/23 15:59","18/01/2024 04:42:35","Bug Report"
"Hello Neighbor 2","Horror","crashing during chase","en","-","jornirr","0","I got the deluxe edition on xbox game pass for pc and the game keeps crashing after the janitor from back to school starts chasing me. The dogs are fine to chase me but as soon as i start running from the person it crashes.","en","-","https://steamcommunity.com/app/1321680/discussions/1/3825284575376655741/","23/03/23 07:24","18/01/2024 04:42:36","Bug Report"
"Hello Neighbor 2","Horror","a bug that selflocks the game","en","-","Vito1601","2","so if you have the key from bakery and the baker catches you then you re-spawn in front of\nthe museum and there is still a shovel + you do not have the key","en","-","https://steamcommunity.com/app/1321680/discussions/1/3781373213479559699/","06/03/23 12:44","18/01/2024 04:42:36","Bug Report"
"Hello Neighbor 2","Horror","The animation of the throw continues","en","-","–°—É–ø–µ—Ä –°—Ç–∏–≤","2","When I am in the animation of the throw and I get caught by any of the AI, then after I am caught, the animation of the throw continues, but Quentin does not hold the object in his hands. This animation can be stopped by pressing TAB!","en","-","https://steamcommunity.com/app/1321680/discussions/1/3775742652422619280/","23/02/23 09:30","18/01/2024 04:42:37","Bug Report"
"Hello Neighbor 2","Horror","DLC after Patch #5 (AGAIN) not working.","en","-","Survil","5","Hello.\n\nAfter updating the game, all dlc I bought again (changed status) to buy now. The button itself is \""dead\"" and nothing happens when you click on it. It happened in one patch and it happened again. Please fix it.","en","-","https://steamcommunity.com/app/1321680/discussions/1/3775742015037161487/","18/02/23 07:44","18/01/2024 04:42:37","Bug Report"
"Hello Neighbor 2","Horror","hey how do i run this without dx12","en","-","DARTHCLARKSON","1","i need to know","en","-","https://steamcommunity.com/app/1321680/discussions/1/3763355653572901274/","31/01/23 09:55","18/01/2024 04:42:38","Bug Report"
"Hello Neighbor 2","Horror","Washing","sw","Translation Failed","QutisBrutus","2","Whenever I throw a garbage bag or a paint can (or set up a paint can on a door) and it lands on Keith (the policeman) he walks into the bathroom, turns the shower on and then quickly turns around and walks away after turning the shower back off in an instant. I assume it also happens with other neighbors, I'll have to test it out.","en","-","https://steamcommunity.com/app/1321680/discussions/1/3775742652417163948/","21/02/23 21:47","18/01/2024 04:42:39","Bug Report"
"Hello Neighbor 2","Horror","car door handle is gone","nl","car by handle is gone","Lionmeow","10","On night four, trying to get the handle for the car door, it isn't there. Yes, I have loaded my last save. No, that didn't do anything.\n\nI'm on the latest build Steam will give me (1.1.16.3), Windows 11, Intel Core 17-11700, 32 GB RAM, etc.","en","-","https://steamcommunity.com/app/1321680/discussions/1/3710433479213117533/","09/12/22 21:52","18/01/2024 04:42:39","Bug Report"
"Hello Neighbor 2","Horror","Update 5 killed the FPS - HOTFIX released, now fixed!","en","-","machine4578","6","after the update today the game is unplayable. its a blurry slideslow of a mess now. time to revert back to patch 4.. :\/","en","-","https://steamcommunity.com/app/1321680/discussions/1/3775742435234361723/","17/02/23 12:55","18/01/2024 04:42:40","Bug Report"
"Hello Neighbor 2","Horror","BRUH.","de","BRUH.","QutisBrutus","6","Ever since Patch 5 my NVIDIA Geforce RTX 3060 Ti can barely run the game at medium settings with no RTX ON, WHAT HAPPENED?!","en","-","https://steamcommunity.com/app/1321680/discussions/1/3775742015035146995/","17/02/23 18:33","18/01/2024 04:42:40","Bug Report"
"Hello Neighbor 2","Horror","Strange bug","da","Strange bug","Wolk","1","I was playing hello neighbor 2 again and when I open the door to get out of the basement in the first house I wanted to skip the cinematic when I skip it another model of the protagonist appears","en","-","https://steamcommunity.com/app/1321680/discussions/1/3763356482614182134/","11/02/23 09:19","18/01/2024 04:42:41","Bug Report"
"Hello Neighbor 2","Horror","Problems with the game after patch 5","en","-","–°—É–ø–µ—Ä –°—Ç–∏–≤","0","When I click on the continue button or create a game in the menu, after a while an error pops up, I noticed that there is something with shaders in the error, what should I do? And yes, I put -dx11 in the properties!","en","-","https://steamcommunity.com/app/1321680/discussions/1/3775742015036447150/","18/02/23 03:05","18/01/2024 04:42:42","Bug Report"
"Hello Neighbor 2","Horror","Another Problem!","en","-","QutisBrutus","0","So it said in the Patch 4 update \""Keep Your Scissors: the policeman will no longer steal your scissors\"" but after that update my scissors kept resetting to the treehouse after Keith (the policeman) got me. But the update did say the Keith stole your scissors so maybe that meant that some people couldn't get the scissors back. I didn't run into my scissors ever being stolen by Keith though. I don't know if this was intentional to have my scissors respawn at the treehouse or if it is a bug for me now because they messed around with the game trying to fix the other people's bug and now my scissors reset to the treehouse now after Keith gets me now.","en","-","https://steamcommunity.com/app/1321680/discussions/1/3763356482612108220/","10/02/23 19:45","18/01/2024 04:42:42","Bug Report"
"Hello Neighbor 2","Horror","Stuck in an animation loop.","en","-","QutisBrutus","2","Ever since patch 4 all the characters have been getting stuck in loops of the opening door animation, for example Mr. Peterson walks through the front door to the museum and after doing the open door animation once and opening the door. He doesn't move and repeats the open door animation for a while.","en","-","https://steamcommunity.com/app/1321680/discussions/1/3763355849149898137/","02/02/23 05:13","18/01/2024 04:42:43","Bug Report"
"Hello Neighbor 2","Horror","Audio bug","lt","Translation Failed","Solarwaving","7","Hey. I'm having a trouble with some of the audio in the game. Whenever I move around, all the noise in-game sounds like extremely buggy and glitched electricity. It did the same thing in the playtest for me, but no other game I know has this problem. When I walk, it sounds like a bunch of high-pitched electrical sounds on the floor. Opening a door sounds like a screeching metal grinding. I went in the audio settings and nothing seems to be able to fix this. How do I get this to stop happening? Cutscene audio worked perfectly fine.","en","-","https://steamcommunity.com/app/1321680/discussions/1/3763355653569797079/","30/01/23 13:32","18/01/2024 04:42:44","Bug Report"
"Hello Neighbor 2","Horror","DLC Back 2 school game crashes whenever I solve lab bird puzzle","en","-","ST&G","1","It has serious bug","en","-","https://steamcommunity.com/app/1321680/discussions/1/3763355214789709643/","29/01/23 08:31","18/01/2024 04:42:44","Bug Report"
"Hello Neighbor 2","Horror","There's this in the taxidermist's basement behind the bear","en","-","–°—É–ø–µ—Ä –°—Ç–∏–≤","1","The earth passes through the walls! If it is not clear where it is then: It is located in the basement of the taxidermist behind the bear at the wall where there is also paint.ÀêHNHeHeÀê","en","-","https://steamcommunity.com/app/1321680/discussions/1/3763355214784965043/","28/01/23 01:29","18/01/2024 04:42:45","Bug Report"
"Hello Neighbor 2","Horror","Tape recorder is not appearing.","en","-","t√òBY","3","The tape recorder didn't appear in my game, after trying to troubleshoot I couldn't make it appear. Also, after picking up the yellow play button floating over the invisible\/not existing tape recorder\/player, the game stated to duplicate items I picked up. I had to delete the game and play it again to make the tape recorder\/player appear. It was so frustrating. The issue also appeared in the save game of my favourite streamer. She was also trying to find the secrets that been added in the latest patches, but the tape player did not appear. Only the yellow floating button.","en","-","https://steamcommunity.com/app/1321680/discussions/1/5946473955235171226/","14/01/23 15:01","18/01/2024 04:42:45","Bug Report"
"Hello Neighbor 2","Horror","dvd-player","en","-","–ø–æ—Å—É–¥–æ–º–æ–π—Å–∫–∏–π","4","-I passed the game and decided to collect cassettes. When I collected all 6, I saw that a dvd player was added to this update, but it did not appear and I cannot listen to the cassettes. What to do? a button for it appeared in place of the dvd player","en","-","https://steamcommunity.com/app/1321680/discussions/1/3763355010864275260/","17/01/23 03:10","18/01/2024 04:42:46","Bug Report"
"Hello Neighbor 2","Horror","The Bakery Book Key has been bugged","en","-","whereribbonsfly","0","Hello, I have tried to put ice cube into the fire, but for some reason it's got glitched into the thin air, and now I cannot get the last number for the cash register. Is there any fix for this?\nAlso I did get caught to try to reset it didn't work\nScreenshot\nhttps:\/\/i.imgur.com\/3e75BHB.png","en","-","https://steamcommunity.com/app/1321680/discussions/1/3763354579686705011/","20/01/23 05:23","18/01/2024 04:42:47","Bug Report"
"Hello Neighbor 2","Horror","BUG","de","BUG","PASKANENKEROSIINIJAANAHYIHELVETT","0","I accidentally at the start of the game threw my coggear vittuun and now i cant use the coggear to open the portti so i ocul get to naapuris ass","en","-","https://steamcommunity.com/app/1321680/discussions/1/5946473955237507244/","15/01/23 06:22","18/01/2024 04:42:48","Bug Report"
"Hello Neighbor 2","Horror","–í—ã–ª–µ—Ç–∞–µ—Ç –ø–æ—Å–ª–µ—Ç–æ —Ç–æ–≥–æ –∫–∞–∫ –Ω–∞–∂–∏–º–∞—é –∫–Ω–æ–ø–∫—É ""–ù–æ–≤–∞—è –∏–≥—Ä–∞""","ru","Drops out after I hit the New Game button.","Timurka_Bits","1","–ù–æ—Å–ª–µ —Ç–æ–≥–æ –∫–∞–∫ –∑–∞–ø—É—Å—Ç–∏–ª –∏–≥—Ä—É –Ω–∞–∂–∞–≤ –Ω–∞ —ç–∫–æ–Ω–∫—É ""–Ω–æ–≤–∞—è –∏–≥—Ä–∞"", –ø—Ä–æ—Ö–æ–¥–∏—Ç –Ω–µ–±–æ–ª—å—à–æ–µ –∫–æ–ª–∏—á–µ—Å—Ç–≤–æ –≤—Ä–µ–º—è–Ω–∏ –≥—Ä–∞ –≤—ã–ª–µ—Ç–∞–µ—Ç –∏ –ø–æ–µ–≤–ª—è–µ—Ç—Å—è –æ–∫–Ω–æ —Ç–µ–º–Ω–æ–≥–æ —Ü–≤–µ—Ç–∞ –≥–¥–µ –Ω–∞–ø–∏—Å–∞–Ω–æ""An Unreal process has crashed: UE4-HelloNeighbor2"". –ü–æ–º–æ–≥–∏—Ç–µ —Ä–∞–∑–æ–±—Ä–∞—Ç—å—Å—è —Å —ç—Ç–æ–π –ø—Ä–æ–±–ª–µ–º–æ–π.","ru","But after running the game by pressing a new game on the economy, a small amount of gra time comes out and the dark-colored window says, ""An Unreal process has crashed: UE4-HelloNeighbor2."" Help me deal with this problem.","https://steamcommunity.com/app/1321680/discussions/1/3731826842444190691/","22/12/22 10:43","18/01/2024 04:42:54","Bug Report"
"Hello Neighbor 2","Horror","bug","id","bug","DXS gamingYT","1","the cop took the yellow weight and it is not anywhere not even in the rooms what do I do?","en","-","https://steamcommunity.com/app/1321680/discussions/1/3731827313781613800/","29/12/22 18:15","18/01/2024 04:42:54","Bug Report"
"Hello Neighbor 2","Horror","Matthew","en","-","Survil","3","Hello Neighbor 2 dlc\n\nHello\n I have a problem - I bought all 3 dlc for the game and the game \""does not see them\"". When I run the game, I still have the buy now icons and even if I click on it, nothing happens. Why does the game not see that I already have these dlc in the library ?","en","-","https://steamcommunity.com/app/1321680/discussions/1/3763353945828054835/","08/01/23 09:54","18/01/2024 04:42:55","Bug Report"
"Hello Neighbor 2","Horror","Crowbar gone at the final escape","en","-","Aka Cannon","1","i cant get the crowbar back at the final escape no matter what i try the crowbar doesnt spawn back at the original spot and all i need is the crowbar","en","-","https://steamcommunity.com/app/1321680/discussions/1/3763353492976334644/","08/01/23 20:43","18/01/2024 04:42:56","Bug Report"
"Hello Neighbor 2","Horror","No fish head at upside down room","en","-","lupe_fiasco","3","Hi all! Current status in the game is I have already placed both Bear and Boar heads to their bodies but there was no fish head at the mantle in the upside down room. I tried loading Last Save but the fish head still did not materialize. What can i do? Currently stuck. Thanks in advance!","en","-","https://steamcommunity.com/app/1321680/discussions/1/3730700312408820731/","13/12/22 22:42","18/01/2024 04:42:56","Bug Report"
"Hello Neighbor 2","Horror","item dupe glitch, one doesnt work idk how i did this","en","-","Custos","0","i started the game and i have 2 pairs of scissors","en","-","https://steamcommunity.com/app/1321680/discussions/1/3731827313767120343/","25/12/22 19:20","18/01/2024 04:42:57","Bug Report"
"Hello Neighbor 2","Horror","DLC Addon maps won't let you save progress","en","-","Z3NCUTTA","0","Hello! Played the main game and beat it. It was awesome. I do have some issues with the DLC portion of the game play. After playing \""Back to school\"" I noticed that your progress for what you have done there is not saved. Am I missing something when trying to find a way to save or is this something that needs to be addressed? Thank you for making another fun game!","en","-","https://steamcommunity.com/app/1321680/discussions/1/3731826842452114437/","24/12/22 14:32","18/01/2024 04:42:58","Bug Report"
"Hello Neighbor 2","Horror","Cabeza de pescado/Fish head help!","es","Fishhead/Fish head help!","ShivaRoodels","0","I've been looking for the fish head all afternoon that I didn't have time to place in chapter 2, I go to the room where it was and it hasn't returned to its place. I've looked around the museum and nothing... Do I have to start the game again U.u?
______
Llevo toda la tarde buscando la cabeza de pescado que no pude colocar en el cap√≠tulo 2, he vuelvo a la sala de donde se consegu√≠a y no est√° ah√≠, ni cuando reinicio. He mirado a los alrededores del museo y nada... ¬øTendr√© que volver a empezar la partida U.u?","es","I've been looking for the fish head all afternoon that I didn't have time to place in chapter 2, I go to the room where it was and it hasn't returned to its place. I've looked around the museum and nothing... Do I have to start the game again U.u? ____ I've been looking all afternoon for the fish head that I couldn't place in chapter 2, I've gone back to the room where it was found and it's not there, nor when I restarted. I've looked around the museum and nothing... Will I have to start the game again?","https://steamcommunity.com/app/1321680/discussions/1/3731826842447859883/","23/12/22 10:46","18/01/2024 04:43:06","Bug Report"
"Hello Neighbor 2","Horror","Crash when loading game save","en","-","Radex","2","Hello, I have a problem with the game, when loading the last game save (the final stage after exiting the frame) the game is frozen at the loading stage of the game save (the car on the screen). I have the latest GPU drivers, there were no problems before. \n\nPC specs:\nProcessor: Intel i7-9700F\nGraphics card: GeForce RTX 2060 SUPER","en","-","https://steamcommunity.com/app/1321680/discussions/1/5143704785440745960/","17/12/22 03:30","18/01/2024 04:43:06","Bug Report"
"Hello Neighbor 2","Horror","The key is missing","en","-","ReDefendeur","4","I got the Heart Key back and then I got caught and now it's nowhere to be found.","en","-","https://steamcommunity.com/app/1321680/discussions/1/5143704785434362510/","15/12/22 09:35","18/01/2024 04:43:07","Bug Report"
"Hello Neighbor 2","Horror","–û—à–∏–±–∫–∞ unreal engine 4 –∫—Ä–∞—à","et","–û—à–∏–±–∫–∞ unreal engine 4 –∫—Ä–∞—à","ChupiK.","2","–ö—Ä–∞—à–∏—Ç –∏–≥—Ä—É –Ω–µ –∑–∞–π–¥—è –≤ –Ω–µ–µ –ø–æ—Ñ–∏–∫—Å–∏—Ç–µ –µ–µ","bg","Crushed Igru didn't go in the pophy.","https://steamcommunity.com/app/1321680/discussions/1/3730700312409908250/","14/12/22 00:52","18/01/2024 04:43:10","Bug Report"
"Hello Neighbor 2","Horror","(DEMO) Not working, crashing when opening [NEW-GAME].","en","-","Ciezar","3","Game tells me that when i open demo : \n\nHelloNeighbor2_Win64_Shipping!FD3D12CommandContext::RHISetComputePipelineState()\nHelloNeighbor2_Win64_Shipping!FD3D12CommandContext::RHISetComputeShader()\nHelloNeighbor2_Win64_Shipping!FRHICommandListExecutor::ExecuteInner_DoExecute()\nHelloNeighbor2_Win64_Shipping!TGraphTask<FExecuteRHIThreadTask>::ExecuteTask()\nHelloNeighbor2_Win64_Shipping!FNamedTaskThread::ProcessTasksUntilQuit()\nHelloNeighbor2_Win64_Shipping!FRHIThread::Run()\nHelloNeighbor2_Win64_Shipping!FRunnableThreadWin::Run()\n\nWhat should i do? I wan't experience it before buying but i can't..","en","-","https://steamcommunity.com/app/1321680/discussions/1/3710433479204204078/","07/12/22 11:21","18/01/2024 04:43:11","Bug Report"
"Hello Neighbor 2","Horror","The game crashes on multiple different parts of the game.","en","-","QutisBrutus","4","When I press A on a controller or ENTER on the keyboard to continue past the final message after you beat the game, the game crashes. And when I click continue on the main menu after beating the game and after the game crashes THE GAME CRASHES AGAIN!","en","-","https://steamcommunity.com/app/1321680/discussions/1/5143704785451131069/","19/12/22 23:39","18/01/2024 04:43:12","Bug Report"
"Hello Neighbor 2","Horror","Bug Reports","en","-","QutisBrutus","3","So I have some bug reports that I would love to have fixed.\n\nSo the first one is that whenever I interact with something in the world with a controller while having a monitor or camera in my hand, either I look into the monitor or the camera gets placed on the door, so I would love to have this fixed because it's pretty annoying.\n\nThe other one is also about the camera and the controller, and how the camera moves with a controller. When I move the camera around with a controller it camera just goes diagonal, no matter how hard I try to get the camera to move correctly it just won't. \n\nAnd that's all.","en","-","https://steamcommunity.com/app/1321680/discussions/1/5143704785450675350/","19/12/22 20:38","18/01/2024 04:43:12","Bug Report"
"Hello Neighbor 2","Horror","The game crash when I try to load the game save","en","-","Falco-Furetto","1","Hi, I bought Hello Neighbor 2 a few days ago. Yesterday I completed the Night 4, then I closed the game. When I reopened it, the game wasn't starting and it was frozen on the loading screen with the car on the screen. I tried to uninstall the game and then reistalling it but nothing changed. I never had any problem with my GPU so I don't know what to do.","en","-","https://steamcommunity.com/app/1321680/discussions/1/5143704785449228535/","19/12/22 11:08","18/01/2024 04:43:13","Bug Report"
"Hello Neighbor 2","Horror","Fish head gone","en","-","Aidenplays","0","i go to where the fish head spawns and its not their ive tried reloading the save what do i do now","en","-","https://steamcommunity.com/app/1321680/discussions/1/5143704785446130033/","18/12/22 14:47","18/01/2024 04:43:14","Bug Report"
"Hello Neighbor 2","Horror","New bug","en","-","Ricoti","1","museum part 2, i don't have the hunter's key anymore and can't open the door. Can't play anymore... need help","en","-","https://steamcommunity.com/app/1321680/discussions/1/5143704785434484479/","15/12/22 10:23","18/01/2024 04:43:14","Bug Report"
"Hello Neighbor 2","Horror","an unreal process has crashed —á—Ç–æ –∑–∞ huyny???","en","-","Russian invader Z","5","–Ω–∞—á–∏–Ω–∞–µ—à—å –∏–≥—Ä—É –∏ –≤—ã–ª–µ—Ç–∞–µ—Ç –Ω–∞ —Ä–∞–±–æ—á–∏–π —Å—Ç–æ–ª,—á—Ç–æ –∑–∞ zalupa???","ru","You start the game and you fly off to the desk, what kind of zalupa?","https://steamcommunity.com/app/1321680/discussions/1/3710432845031251614/","03/12/22 18:28","18/01/2024 04:43:18","Bug Report"
"Hello Neighbor 2","Horror","The game crashes","en","-","Troy Bederlian","3","Every time I start a new game the loading screen pops up and a few seconds later the game crashes. Is there a way to fix this from happening.","en","-","https://steamcommunity.com/app/1321680/discussions/1/3710432845025784286/","03/12/22 17:21","18/01/2024 04:43:19","Bug Report"
"Hello Neighbor 2","Horror","Fatal Error","ca","Fartal Error","utku","2","Hello everyone.\n\nWhen I tried to open Hello Neighbor 2 Beta I get a fatal error message which wr,tes \""The UE4-HelloNeighbor2 Game crashed\""\n\nHow can I fix this issue?","en","-","https://steamcommunity.com/app/1321680/discussions/1/3365901931424478169/","31/07/22 04:25","18/01/2024 04:43:20","Bug Report"
"Hello Neighbor 2","Horror","New game crashes when loading","en","-","Blowave101","2","Hey everytime I play hello neighbor 2 and try starting a new game, it crashes after a few seconds in the loading screen, Is there any fix to this, cause I tried everything to fix it?","en","-","https://steamcommunity.com/app/1321680/discussions/1/3710433479201149927/","06/12/22 15:18","18/01/2024 04:43:21","Bug Report"
"Hello Neighbor 2","Horror","Hello-Copter Controlling Bug","en","-","Niftysmbfan12","0","There's a slight bug with controlling the Hello-Copter. I can press and hold shift to go up, but when I press ctrl to go back down, it gets stuck going down so pressing shift only makes it hover and I can't get it to go back up.","en","-","https://steamcommunity.com/app/1321680/discussions/1/5143704785438628181/","16/12/22 13:34","18/01/2024 04:43:21","Bug Report"
"Hello Neighbor 2","Horror","Help me","nl","Help me!","KUDESNN","11","—É –º–µ–Ω—è –ø—Ä–æ–ø–∞–ª–∞ –∫–Ω–æ–ø–∫–∞ –Ω–æ–º–µ—Ä 1 –∫–æ—Ç–æ—Ä–∞—è –¥–æ–ª–∂–Ω–∞ –±—ã—Ç—å –ø–æ–¥ –∫–æ—à–∫–æ–π, –∫–æ—à–∫–µ —Ä—ã–±—É —è –¥–∞–ª –∞ –∫–Ω–æ–ø–∫–∞ –ø—Ä–æ–≤–∞–ª–∏–ª–∞—Å—å –ø–æ–¥ —Ç–µ–∫—Å—Ç—É—Ä—É –∏ –∏–≥—Ä—É –Ω–∞—á–∞—Ç—å –∑–∞–Ω–æ–≤–æ –≤–æ–∑–º–æ–∂–Ω–æ—Å—Ç–∏ –Ω–µ—Ç—É, –ø–æ–∂–∞–ª—É–π—Å—Ç–∞ –ø–æ–º–æ–≥–∏—Ç–µ++","ru","I've lost the number one button that's supposed to be under the cat, I gave the cat a fish, and the button failed under the texture and the game started again with no possibility, please help me.","https://steamcommunity.com/app/1321680/discussions/1/3710432845031250266/","03/12/22 04:45","18/01/2024 04:43:27","Bug Report"
"Hello Neighbor 2","Horror","Scepter Disappeared","en","-","Wooden","2","The scepter used in the mayor's mansion disappeared as i dug it out and i'm unable to find it. I can't finish the level without it, since I need it for the statue to take the trophy from inside.","en","-","https://steamcommunity.com/app/1321680/discussions/1/3710433479215914146/","10/12/22 16:10","18/01/2024 04:43:27","Bug Report"
"Hello Neighbor 2","Horror","My save","sk","Translation Failed","Dodyssey (CheckMyBio)","0","so i was playing the beta of hello neighbor 2 for some reason to see the differences i deleted it's save file but then when i went to play the full game which i completed act 3 in i noticed it said New Game instead of Continue which i then realized i didn't have my save anymore so tinybuild please fix it and give me back my save file","en","-","https://steamcommunity.com/app/1321680/discussions/1/3710433479219438891/","11/12/22 15:14","18/01/2024 04:43:28","Bug Report"
"Hello Neighbor 2","Horror","ƒ∞ found new bug","en","-","‚òπ","0","I discovered a bug in your game and this is not the first time I would like to be part of your team as a \""bug hunter\"".","en","-","https://steamcommunity.com/app/1321680/discussions/1/3710433479218496040/","11/12/22 09:05","18/01/2024 04:43:28","Bug Report"
"Hello Neighbor 2","Horror","Hello Neighbor 2 Demo is to dark","en","-","Diamantenmine","1","I started the game for the first time and it was to dark to play. I tried deleting and installing new but it did not help. https:\/\/ibb.co\/FHp9s5S","en","-","https://steamcommunity.com/app/1321680/discussions/1/3710433479208054695/","08/12/22 12:37","18/01/2024 04:43:29","Bug Report"
"Hello Neighbor 2","Horror","Won't Give Me Dog Person Achievement","nl","Won't Give Me Dog Person Achievement","Pizza_kid2","1","I tried to get the achievement but it is not working.","en","-","https://steamcommunity.com/app/1321680/discussions/1/3710433479207294806/","08/12/22 07:39","18/01/2024 04:43:30","Bug Report"
"Hello Neighbor 2","Horror","the ability to fly","en","-","MaplY","0","I was caught while climbing a ladder, and after respawning walking backwards, the character gradually took off","en","-","https://steamcommunity.com/app/1321680/discussions/1/3710433479204784036/","07/12/22 15:09","18/01/2024 04:43:30","Bug Report"
"Hello Neighbor 2","Horror","act 3 unable to complete","es","act 3 unble to complete","Wescuit","1","The shovel needed in act 3, I had gotten. I accidentally threw it and it disappeared now. I am unable to find any other shovels to complete the level.","en","-","https://steamcommunity.com/app/1321680/discussions/1/3710433479203415257/","07/12/22 06:12","18/01/2024 04:43:31","Bug Report"
"Hello Neighbor 2","Horror","Threw my shovel, it went underground and now I can't continue","en","-","Ozull","3","So, is there any type of fix for this? I threw my shovel under the kitchen cabinet under the microwave and it just disappeared.  I continued to do the puzzles in the house which continue the progression and ultimately came to where I needed to dig and now I can't.\n\nI've tried quitting and maybe restating the Act but unfortunately when I go back to the main menu it doesn't let me choose the Act or choose to restart one.  I clicked continue and it returned me to my point after I lost my shovel. I went back to the radio tower because maybe there's a box that will appear with lost loot but I couldn't find one.\n\nUnfortunately now it seems my progression is completely blocked due to this now.\n\nAny tips?","en","-","https://steamcommunity.com/app/1321680/discussions/1/3710433402655822374/","06/12/22 12:12","18/01/2024 04:43:32","Bug Report"
"Hello Neighbor 2","Horror","I lost the shovel in 3rd stage","en","-","Prt91","16","I accidentally throw the shovel while i was outside the granpa shotgunner house, now i can-t find it any more neither on the rooftop... what can I do now?","en","-","https://steamcommunity.com/app/1321680/discussions/1/3710432845031242499/","03/12/22 15:00","18/01/2024 04:43:32","Bug Report"
"Hello Neighbor 2","Horror","Instant Bug with Officer","en","-","Atze Hutler","1","I started the game, went in to the kitchen activated the clock, went into the closet and the officer got stuck between opening the door in the kitchen and walking out and back again. Repating it all the time .  Nice Start :D","en","-","https://steamcommunity.com/app/1321680/discussions/1/3710433402654781628/","06/12/22 06:42","18/01/2024 04:43:33","Bug Report"
"Hello Neighbor 2","Horror","gamepad not working well","af","Message will not be signed","missiloon","2","Heej devs,\n\nwhen starting the game, I can mvoe through the options on the main menu with the analog stick, but the A button or any other to confirm doesn't seems to work. (Official xbox controller). \n\nAfter getting into the game using my mouse the buttons seem to work but the sensitivity of the camera is way too high, touching it slightly already makes me look 180 degrees to the other side. Tried to change this in the settings (For this I still needed to use my mouse as any buttons still don't work for getting into a submenu) I have it now on 0% sensitivity but it still has the same speed and feels unplayable to me.\n\nEDIT: Had to put sensitivity on 0%\/20%\/20% aka all on the lowest possible to make it work. Leaves me with not being able to go through the menu on a controller as no button seems to work as the \""confirm\"" button.","en","-","https://steamcommunity.com/app/1321680/discussions/1/3710432845031253834/","05/12/22 05:16","18/01/2024 04:43:34","Bug Report"
"Hello Neighbor 2","Horror","NPC malfunctioned","en","-","mugamelife","1","BUG report\nNPC failure no action\nhttps:\/\/youtu.be\/e_0e6PSKc_I","fr","BUG report\nNPC failure no action\nhttps:\/\/youtu.be\/e_0e6PSKc_I","https://steamcommunity.com/app/1321680/discussions/1/3710432845031643087/","05/12/22 07:49","18/01/2024 04:43:38","Bug Report"
"Hello Neighbor 2","Horror","Steak on Day 4 is Bugged","en","-","R0ck0 R4m4","2","On Day 4 you explore the big white house where you put the awards on the podium to get the ship wheel. One of the puzzles involves you putting out a fire in a grill to grab a steak. After you grab the steak you feed it to the dog. \n\nI am unable to pick up the steak even though visually it looks like the fire was put out. I've tried reloading my last save, closing the game entirely, rebooting, etc... The steak is bugged and I am unable to pick it up.\n\nI am unable to progress the game further because I cannot finish the piece of this puzzle. Any help would be appreciated!","en","-","https://steamcommunity.com/app/1321680/discussions/1/3710432845026710005/","03/12/22 23:26","18/01/2024 04:43:39","Bug Report"
"Hello Neighbor 2","Horror","Missing cash register button #1","en","-","beaudrie8","1","The #1 button never appears under nor around the cat. I feed the cat, it moves and then still no button? The code involves this button so I need it. Anyone else have this problem?","en","-","https://steamcommunity.com/app/1321680/discussions/1/3710432845031252746/","03/12/22 07:39","18/01/2024 04:43:39","Bug Report"
"Hello Neighbor 2","Horror","No Sound","en","-","nancie634","0","I can;t get any sound to work on Hello Neighbor 2.  I have several other games that the sound is working for, but 2 of my steam games have no sound. I have tried running Steam as the Administrator and updated all of my sound drivers.  Anyone else have this problem or advice?  I don't understand why some games the sound works and a few it doesn't.  it doesn't make sense.  Thanks.","en","-","https://steamcommunity.com/app/1321680/discussions/1/3710432845031253536/","03/12/22 05:07","18/01/2024 04:43:40","Bug Report"
"Hello Neighbor 2","Horror","help","nl","help","me (rest in peace rick sanchez)","2","so i was playing the part with mr. otto and i threw the shovel at a window to break it and the shovel did not break the window and went through the window and i have never seen it again","en","-","https://steamcommunity.com/app/1321680/discussions/1/3710432845020372331/","02/12/22 05:52","18/01/2024 04:43:41","Bug Report"
"Hello Neighbor 2","Horror","—á–µ —Ç–∞–º —Ä–∞–∑—Ä–∞–±—ã? —á–µ —Ç–∞–º —Å—Ç–∏–º?","ru","What's going on in there? What's going on in there? What's going on in there?","KUDESNN","7","—Å–¥–µ–ª–∞–ª –ø—Ä–µ–¥–∑–∞–∫–∞–∑ –∞ –∂–¥–∞—Ç—å –Ω–∞–¥–æ –¥–æ 6 –Ω–æ—è–±—Ä—è","ru","He's pre-ordered and has to wait until November 6th.","https://steamcommunity.com/app/1321680/discussions/1/3710432845019732635/","01/12/22 11:46","18/01/2024 04:43:45","Bug Report"
"Hello Neighbor 2","Horror","I managed to skip a puzzle with the Hello-Copter.","en","-","Ladera","1","In the Neighbors house, in the room upstairs, there is a puzzle which requires a battery to pull a lever sending a toy car under the bed. With the Hello-Copter I pulled the lever without the battery.","en","-","https://steamcommunity.com/app/1321680/discussions/1/3710432845018198142/","01/12/22 15:33","18/01/2024 04:43:45","Bug Report"
"Hello Neighbor 2","Horror","Broken","sk","Broken","LightningTorn8do","4","It does not even launch","fr","It does not happen even launch","https://steamcommunity.com/app/1321680/discussions/1/3390672107134781917/","09/10/22 13:20","18/01/2024 04:43:48","Bug Report"
"Hello Neighbor 2","Horror","HN2 demo crashes when starting a new game","en","-","uselessproto","7","when i try to start a new game on the demo, it just crashes and gives me this crash report:\nFatal error!\n\nUnhandled Exception: EXCEPTION_ACCESS_VIOLATION reading address 0x0000000000000018\n\n0x00007ff7710c3db2 HelloNeighbor2-Win64-Shipping.exe!FD3D12CommandContext::RHISetComputePipelineState() []\n0x00007ff7710c3f7e HelloNeighbor2-Win64-Shipping.exe!FD3D12CommandContext::RHISetComputeShader() []\n0x00007ff771d2b2cb HelloNeighbor2-Win64-Shipping.exe!FRHICommandListExecutor::ExecuteInner_DoExecute() []\n0x00007ff771d2b8cb HelloNeighbor2-Win64-Shipping.exe!TGraphTask<FExecuteRHIThreadTask>::ExecuteTask() []\n0x00007ff770ae338b HelloNeighbor2-Win64-Shipping.exe!FNamedTaskThread::ProcessTasksUntilQuit() []\n0x00007ff771d6a590 HelloNeighbor2-Win64-Shipping.exe!FRHIThread::Run() []\n0x00007ff770c2d83b HelloNeighbor2-Win64-Shipping.exe!FRunnableThreadWin::Run() []\n0x00007ff770c27c31 HelloNeighbor2-Win64-Shipping.exe!FRunnableThreadWin::GuardedRun() []\n0x00007ffa59247034 KERNEL32.DLL!UnknownFunction []\n0x00007ffa596426a1 ntdll.dll!UnknownFunction []\n\nCrash in runnable thread RHIThread","en","-","https://steamcommunity.com/app/1321680/discussions/1/3373782431178366207/","20/09/22 17:12","18/01/2024 04:43:49","Bug Report"
